2026-02-16 23:10:26.025261	https://www.encodeproject.org/report/?type=Experiment&control_type%21=%2A&assay_term_name=RNA+Bind-n-Seq&status=released&files.file_type=tsv&limit=all
ID	Accession	Assay name	Assay title	Biosample classification	Target	Target of assay	Target gene symbol	Biosample summary	Biosample term name	Dbxrefs	Description	Lab	Project	Status	Files	Related series	Biosample accession	Biological replicate	Technical replicate	Linked antibody	Organism	Life stage	Biosample age	Biosample treatment	Biosample treatment ontology ID	Biosample treatment amount	Biosample treatment amount units	Biosample treatment duration	Biosample treatment duration units	Synchronization	Post-synchronization time	Post-synchronization time units	Biosample modification site target organism	Biosample modification site introduced gene organism	Replicates	Mixed biosamples	Cellular component	Library construction platform	Library construction method
/experiments/ENCSR443NPK/	ENCSR443NPK	RNA Bind-n-Seq	RNA Bind-n-Seq	cell-free sample	/targets/CSDE1-human/	CSDE1	CSDE1		cell-free sample		RNA Bind-n-Seq (RBNS) pulldown experiment against CSDE1	Chris Burge, MIT	ENCODE	released	/files/ENCFF094VAN/,/files/ENCFF645OQW/,/files/ENCFF485AIN/,/files/ENCFF512FTV/,/files/ENCFF784PCB/,/files/ENCFF605BSF/,/files/ENCFF978GME/,/files/ENCFF297CFL/			1	3,1,2																/replicates/ceb91021-9595-4560-b141-bf887031d911/,/replicates/e8ff7fdd-3881-4d63-ab62-5c6615f2b39a/,/replicates/4352d47c-3351-408a-86b1-118a7de2aec4/				
/experiments/ENCSR642PJQ/	ENCSR642PJQ	RNA Bind-n-Seq	RNA Bind-n-Seq	cell-free sample	/targets/SYNCRIP-human/	SYNCRIP	SYNCRIP		cell-free sample		RNA Bind-n-Seq (RBNS) pulldown experiment against SYNCRIP	Chris Burge, MIT	ENCODE	released	/files/ENCFF031ZQZ/,/files/ENCFF311VEA/,/files/ENCFF987JUM/,/files/ENCFF179RZN/,/files/ENCFF891OQH/,/files/ENCFF528AXU/,/files/ENCFF641OAC/,/files/ENCFF421YBM/,/files/ENCFF915QBG/,/files/ENCFF938NUW/			1	3,1,2																/replicates/ae6fecf0-a867-400d-873e-d8d407440039/,/replicates/6a9090d1-1963-4032-a5b6-9bf1f3942709/,/replicates/730e5434-0e12-461f-9e3c-75a202e6ce60/				
/experiments/ENCSR021IWR/	ENCSR021IWR	RNA Bind-n-Seq	RNA Bind-n-Seq	cell-free sample	/targets/THUMPD1-human/	THUMPD1	THUMPD1		cell-free sample		RNA Bind-n-Seq (RBNS) pulldown experiment against THUMPD1	Chris Burge, MIT	ENCODE	released	/files/ENCFF102LTO/,/files/ENCFF223DCK/,/files/ENCFF229VDA/,/files/ENCFF306XAM/,/files/ENCFF961NLG/,/files/ENCFF223BBB/,/files/ENCFF861RBP/,/files/ENCFF505XEX/,/files/ENCFF407EVV/,/files/ENCFF618VDG/,/files/ENCFF899TEE/			1	3,1,2																/replicates/5ef6af77-d90e-48bf-8768-9f3592e32b42/,/replicates/39b30ab5-5ca3-4ac8-81ad-dfa300d8202b/,/replicates/481a1fcc-f9b7-4a47-95db-cb12fc58fa35/				
/experiments/ENCSR456IMV/	ENCSR456IMV	RNA Bind-n-Seq	RNA Bind-n-Seq	cell-free sample	/targets/TDRD10-human/	TDRD10	TDRD10		cell-free sample		RNA Bind-n-Seq (RBNS) pulldown experiment against TDRD10	Chris Burge, MIT	ENCODE	released	/files/ENCFF311QTO/,/files/ENCFF117GBU/,/files/ENCFF637GMS/,/files/ENCFF555DJM/,/files/ENCFF882TPE/,/files/ENCFF866WKT/,/files/ENCFF525JTH/,/files/ENCFF599TLF/,/files/ENCFF628ECY/,/files/ENCFF437SJZ/			1	3,1,2																/replicates/922d93ff-32cf-4316-8b0d-337007f991df/,/replicates/d99fca3a-4d67-4f81-978b-07908ab8e92f/,/replicates/6fd48f95-17a6-43bb-820f-5de677f3f65c/				
/experiments/ENCSR614KXG/	ENCSR614KXG	RNA Bind-n-Seq	RNA Bind-n-Seq	cell-free sample	/targets/ZC3H18-human/	ZC3H18	ZC3H18		cell-free sample		RNA Bind-n-Seq (RBNS) pulldown experiment against ZC3H18	Chris Burge, MIT	ENCODE	released	/files/ENCFF948RDB/,/files/ENCFF304PSD/,/files/ENCFF905HAO/,/files/ENCFF608YRR/,/files/ENCFF275KID/,/files/ENCFF284WWS/,/files/ENCFF643LAA/,/files/ENCFF223GDG/,/files/ENCFF948LZZ/			1	3,1,2																/replicates/bc0e47db-396c-4098-b853-d3cfeddca2aa/,/replicates/db1be53c-c71a-42d0-bc02-903db303cf74/,/replicates/3291cbd5-dcd8-4c4d-a7cf-0abd7d6b4208/				
/experiments/ENCSR345PWR/	ENCSR345PWR	RNA Bind-n-Seq	RNA Bind-n-Seq	cell-free sample	/targets/RBM5-human/	RBM5	RBM5		cell-free sample		RNA Bind-n-Seq (RBNS) pulldown experiment against RBM5	Chris Burge, MIT	ENCODE	released	/files/ENCFF444DXH/,/files/ENCFF361NTW/,/files/ENCFF150UEU/,/files/ENCFF989HJA/,/files/ENCFF961RUA/,/files/ENCFF341CEM/,/files/ENCFF797YXW/,/files/ENCFF675WZL/,/files/ENCFF357IXX/			1	3,1,2																/replicates/9177e24d-468b-419d-a106-b3f7b51e85ed/,/replicates/36ce9843-61cc-41da-b4df-8aead8faae0c/,/replicates/845f63e3-cd00-4431-ae0c-77f9d4118194/				
/experiments/ENCSR605EEO/	ENCSR605EEO	RNA Bind-n-Seq	RNA Bind-n-Seq	cell-free sample	/targets/ZC3H10-human/	ZC3H10	ZC3H10		cell-free sample		RNA Bind-n-Seq (RBNS) pulldown experiment against ZC3H10	Chris Burge, MIT	ENCODE	released	/files/ENCFF244KWF/,/files/ENCFF320AIR/,/files/ENCFF951DBV/,/files/ENCFF311CFI/,/files/ENCFF807IMZ/,/files/ENCFF289GIJ/,/files/ENCFF248IRI/,/files/ENCFF438VWX/			1	3,2,1																/replicates/a9468905-a89d-424f-b10e-2d142d44b6bf/,/replicates/6670396a-46e7-46b6-afe7-5d409ff8a6f3/,/replicates/0e7cd1db-eb2e-4037-a5ef-5939378d94b6/				
/experiments/ENCSR446UHZ/	ENCSR446UHZ	RNA Bind-n-Seq	RNA Bind-n-Seq	cell-free sample	/targets/RBM20-human/	RBM20	RBM20		cell-free sample		RNA Bind-n-Seq (RBNS) pulldown experiment against RBM20	Chris Burge, MIT	ENCODE	released	/files/ENCFF520OQE/,/files/ENCFF781JHV/,/files/ENCFF653WQY/,/files/ENCFF717EVB/,/files/ENCFF427CHX/,/files/ENCFF026ELB/,/files/ENCFF817DQA/,/files/ENCFF470QTH/			1	3,1,2																/replicates/4c20bd72-a252-4c8e-8b19-2bbf311da30a/,/replicates/353c4a4b-c447-4910-b548-89a551a1ff6f/,/replicates/b6df6f4d-7398-4d85-b653-a0ff9daa1129/				
/experiments/ENCSR079FDB/	ENCSR079FDB	RNA Bind-n-Seq	RNA Bind-n-Seq	cell-free sample	/targets/SF3B6-human/	SF3B6	SF3B6		cell-free sample		RNA Bind-n-Seq (RBNS) pulldown experiment against SF3B14	Chris Burge, MIT	ENCODE	released	/files/ENCFF578APX/,/files/ENCFF228BDE/,/files/ENCFF448IKY/,/files/ENCFF780DNA/,/files/ENCFF253ZGO/,/files/ENCFF242MYG/,/files/ENCFF526HYL/,/files/ENCFF611UYV/,/files/ENCFF886ERU/			1	1,3,2																/replicates/0f935595-43db-47c6-a3d1-4e284bcdc70d/,/replicates/458f2b1e-e259-4165-9b08-a7f54a3b901c/,/replicates/4bb43114-01b1-4cbb-98f9-66abd60071be/				
/experiments/ENCSR387CDD/	ENCSR387CDD	RNA Bind-n-Seq	RNA Bind-n-Seq	cell-free sample	/targets/NSUN2-human/	NSUN2	NSUN2		cell-free sample		RNA Bind-n-Seq (RBNS) pulldown experiment against NSUN2	Chris Burge, MIT	ENCODE	released	/files/ENCFF399SZJ/,/files/ENCFF106PAT/,/files/ENCFF436MVF/,/files/ENCFF214AFK/,/files/ENCFF841VGA/,/files/ENCFF716XQB/,/files/ENCFF345UKY/,/files/ENCFF498WEB/,/files/ENCFF991XEB/,/files/ENCFF738XZS/			1	3,1,2																/replicates/47d8c888-6f69-4462-9325-0de2379085ac/,/replicates/a2773713-4315-4c8d-80f6-56eb631ae636/,/replicates/fcc3c6bd-674f-4998-b394-d8f661c7ccb4/				
/experiments/ENCSR051WAN/	ENCSR051WAN	RNA Bind-n-Seq	RNA Bind-n-Seq	cell-free sample	/targets/PABPC3-human/	PABPC3	PABPC3		cell-free sample		RNA Bind-n-Seq (RBNS) pulldown experiment against PABPC3	Chris Burge, MIT	ENCODE	released	/files/ENCFF225UDG/,/files/ENCFF836ATV/,/files/ENCFF033GJN/,/files/ENCFF823FZD/,/files/ENCFF089UZQ/,/files/ENCFF661OOB/,/files/ENCFF902CGC/,/files/ENCFF173TII/			1	3,1,2																/replicates/907426b9-57df-48e2-a772-deee99d7ff03/,/replicates/babce4ac-c125-4202-b9e2-51a2b6171057/,/replicates/396b8e65-e892-4521-ae29-dfb141822fd5/				
/experiments/ENCSR890PDQ/	ENCSR890PDQ	RNA Bind-n-Seq	RNA Bind-n-Seq	cell-free sample	/targets/HNRNPA2B1-human/	HNRNPA2B1	HNRNPA2B1		cell-free sample		RNA Bind-n-Seq (RBNS) pulldown experiment against HNRNPA2B1	Chris Burge, MIT	ENCODE	released	/files/ENCFF633PYG/,/files/ENCFF272CDH/,/files/ENCFF284NLC/,/files/ENCFF871IQB/,/files/ENCFF486QQA/,/files/ENCFF174STT/,/files/ENCFF733IIC/,/files/ENCFF638JTR/,/files/ENCFF632KXS/,/files/ENCFF704ABD/,/files/ENCFF408PHK/,/files/ENCFF999DDY/,/files/ENCFF126ADB/			1	3,2,4,5,1																/replicates/b1b08a04-ca11-40e1-9ab2-0f09755c0584/,/replicates/a82ea55d-2aec-4d12-9bed-b64a4270b547/,/replicates/90d35aeb-add7-4e85-aeb8-49a0d333d84b/,/replicates/d394e6c8-5677-4265-856f-7496d049ac15/,/replicates/f8820f92-9009-45fe-bea9-02b829220323/				
/experiments/ENCSR915BDY/	ENCSR915BDY	RNA Bind-n-Seq	RNA Bind-n-Seq	cell-free sample	/targets/KHSRP-human/	KHSRP	KHSRP		cell-free sample		RNA Bind-n-Seq (RBNS) pulldown experiment against KHSRP	Chris Burge, MIT	ENCODE	released	/files/ENCFF464UVC/,/files/ENCFF712ZAK/,/files/ENCFF385FOT/,/files/ENCFF778ABV/,/files/ENCFF608BCN/,/files/ENCFF487JGC/,/files/ENCFF641RTT/,/files/ENCFF356DWW/,/files/ENCFF924TSO/,/files/ENCFF757NUT/,/files/ENCFF865YVO/,/files/ENCFF931GAS/,/files/ENCFF739ZKH/,/files/ENCFF402TCU/,/files/ENCFF708KEI/			1	4,1,2,3,5																/replicates/db00a34c-8055-4eb9-a20a-32bea4fbaa86/,/replicates/a39668b5-49b5-4aed-83f8-c6f3f194980d/,/replicates/93119152-3d9e-4d06-9fa0-b586f1c9030b/,/replicates/993fab12-1e28-48d2-a7cc-f982de774c9c/,/replicates/d08b636d-9590-4fb0-bb88-60771e2fb498/				
/experiments/ENCSR773QCC/	ENCSR773QCC	RNA Bind-n-Seq	RNA Bind-n-Seq	cell-free sample	/targets/PUF60-human/	PUF60	PUF60		cell-free sample		RNA Bind-n-Seq (RBNS) pulldown experiment against PUF60	Chris Burge, MIT	ENCODE	released	/files/ENCFF092OVI/,/files/ENCFF071TXE/,/files/ENCFF838ARR/,/files/ENCFF748VRH/,/files/ENCFF631TWR/,/files/ENCFF582QKC/,/files/ENCFF262OPY/,/files/ENCFF608KZB/,/files/ENCFF146LBG/,/files/ENCFF619SGN/,/files/ENCFF180NZG/			1	2,5,1,3,4																/replicates/54ffaa29-c6e1-48cf-8271-d632ea1f9e04/,/replicates/6b39867e-89f4-4472-b90b-6c1ef5136853/,/replicates/916314e2-715e-4956-849c-fd2719be8329/,/replicates/fff7c145-0aed-4ca5-b824-bbd007753717/,/replicates/80b671ff-3125-4199-aed7-4d5eb8b5c4ea/				
/experiments/ENCSR005ZRL/	ENCSR005ZRL	RNA Bind-n-Seq	RNA Bind-n-Seq	cell-free sample	/targets/DAZAP1-human/	DAZAP1	DAZAP1		cell-free sample		RNA Bind-n-Seq (RBNS) pulldown experiment against DAZAP1	Chris Burge, MIT	ENCODE	released	/files/ENCFF756ZGX/,/files/ENCFF102BFN/,/files/ENCFF159FNQ/,/files/ENCFF738COE/,/files/ENCFF548LGA/,/files/ENCFF766DOA/,/files/ENCFF887GOK/,/files/ENCFF387GNF/,/files/ENCFF190ZRO/,/files/ENCFF156RLV/,/files/ENCFF668HCA/,/files/ENCFF884UAX/,/files/ENCFF867JXH/			1	1,3,2,5,4																/replicates/4e4493e7-5ac5-42c3-a74e-6221d7dee782/,/replicates/8b51ef98-c70e-49fc-a6a0-aa9c00a841de/,/replicates/b3812651-88b9-42da-9cb9-5ae9b0a07ea8/,/replicates/8b256d7a-975f-4496-9467-5a7c44aefef6/,/replicates/9fb414f8-3a5e-445d-8b2c-1241d1992523/				
/experiments/ENCSR199MJK/	ENCSR199MJK	RNA Bind-n-Seq	RNA Bind-n-Seq	cell-free sample	/targets/RBM11-human/	RBM11	RBM11		cell-free sample		RNA Bind-n-Seq (RBNS) pulldown experiment against RBM11	Chris Burge, MIT	ENCODE	released	/files/ENCFF999PNF/,/files/ENCFF767VHJ/,/files/ENCFF604IEH/,/files/ENCFF388BGA/,/files/ENCFF416XQG/,/files/ENCFF371MAZ/,/files/ENCFF027LSJ/,/files/ENCFF455EZQ/,/files/ENCFF681AZG/			1	3,1,2																/replicates/40125f0b-5378-443f-a7ea-601d00313403/,/replicates/9f63343b-727f-4c51-97e6-77a1c0f76d07/,/replicates/1f94f5b9-bb70-470c-9d49-e53b9ebaf553/				
/experiments/ENCSR929OLV/	ENCSR929OLV	RNA Bind-n-Seq	RNA Bind-n-Seq	cell-free sample	/targets/SRSF8-human/	SRSF8	SRSF8		cell-free sample		RNA Bind-n-Seq (RBNS) pulldown experiment against SRSF8	Chris Burge, MIT	ENCODE	released	/files/ENCFF746BQQ/,/files/ENCFF046HXG/,/files/ENCFF172SZM/,/files/ENCFF625PWF/,/files/ENCFF455VOQ/,/files/ENCFF260OIA/,/files/ENCFF894LGH/,/files/ENCFF156GSI/,/files/ENCFF860CDY/,/files/ENCFF504GWV/,/files/ENCFF588RIK/			1	2,1,5,4,3																/replicates/41941087-9555-4089-aee2-87dc7939d45d/,/replicates/29b2f6bf-ffbc-4a6d-956f-8e62ef7000cb/,/replicates/5336b0b4-35ee-4bc9-8c4d-15bd43462d60/,/replicates/e7725ed3-c67b-4385-80a6-2c2912b37a94/,/replicates/3972e18a-e2d6-44c7-b3f1-4350a18aa292/				
/experiments/ENCSR275JFN/	ENCSR275JFN	RNA Bind-n-Seq	RNA Bind-n-Seq	cell-free sample	/targets/SRSF2-human/	SRSF2	SRSF2		cell-free sample		RNA Bind-n-Seq (RBNS) pulldown experiment against SRSF2	Chris Burge, MIT	ENCODE	released	/files/ENCFF443RLZ/,/files/ENCFF203RCX/,/files/ENCFF044HZO/,/files/ENCFF427KXG/,/files/ENCFF257EQJ/,/files/ENCFF289NBX/,/files/ENCFF395BSA/,/files/ENCFF900EPD/,/files/ENCFF573MYB/,/files/ENCFF395YYT/,/files/ENCFF616GTT/			1	2,3,1,5,4																/replicates/dfcf8c02-aedc-4dea-87b2-777d9c02783c/,/replicates/98929ae6-ae97-4499-9c52-f06e33748b4c/,/replicates/dc869faa-cf28-4239-8be5-ff3ea05d33ae/,/replicates/52efc4ab-323b-4761-8541-8639fff6f070/,/replicates/e9f3c2e8-7f96-4b92-98ac-c712f9944fe6/				
/experiments/ENCSR954TYO/	ENCSR954TYO	RNA Bind-n-Seq	RNA Bind-n-Seq	cell-free sample	/targets/HNRNPL-human/	HNRNPL	HNRNPL		cell-free sample		RNA Bind-n-Seq (RBNS) pulldown experiment against HNRNPL	Chris Burge, MIT	ENCODE	released	/files/ENCFF117QKP/,/files/ENCFF134FRX/,/files/ENCFF004ECZ/,/files/ENCFF066AFW/,/files/ENCFF262PXW/,/files/ENCFF407TKA/,/files/ENCFF044BEP/,/files/ENCFF035BST/,/files/ENCFF929YDP/,/files/ENCFF640IUJ/,/files/ENCFF086FCD/,/files/ENCFF422OAC/,/files/ENCFF029EII/,/files/ENCFF941VVI/,/files/ENCFF410KFS/			1	1,3,2,5,4																/replicates/ad610b4c-97bb-496a-9f4a-23b2cda5eabf/,/replicates/6af632d8-a212-4477-b8b0-d57ed4574abf/,/replicates/ace6feda-b531-4838-b15c-984a5261c59f/,/replicates/1dff6df1-ee65-434e-8f38-d40e1672a1ff/,/replicates/a51acc5b-f6cf-4dd6-aa74-b3a7974e36cd/				
/experiments/ENCSR082AKW/	ENCSR082AKW	RNA Bind-n-Seq	RNA Bind-n-Seq	cell-free sample	/targets/ESRP1-human/	ESRP1	ESRP1		cell-free sample		RNA Bind-n-Seq (RBNS) pulldown experiment against ESRP1	Chris Burge, MIT	ENCODE	released	/files/ENCFF249MKN/,/files/ENCFF866SSJ/,/files/ENCFF709NVS/,/files/ENCFF193SAI/,/files/ENCFF841SRB/,/files/ENCFF437RJK/,/files/ENCFF069CQR/,/files/ENCFF201IIS/,/files/ENCFF497OVV/,/files/ENCFF830CCN/,/files/ENCFF924ZUX/			1	1,3,4,2,5																/replicates/90c83ccd-0035-425d-9962-15b956ca36a8/,/replicates/fcbf0893-b7aa-4d52-b700-b9f3f1a8c73f/,/replicates/aa85e33d-e0ad-4da0-b76e-aaa421d8c9a6/,/replicates/5f2b12b9-41fd-4af1-8858-6ef90ea6f4eb/,/replicates/526b6f21-1051-4242-99ae-a5de0c0b9801/				
/experiments/ENCSR368NMO/	ENCSR368NMO	RNA Bind-n-Seq	RNA Bind-n-Seq	cell-free sample	/targets/HNRNPK-human/	HNRNPK	HNRNPK		cell-free sample		RNA Bind-n-Seq (RBNS) pulldown experiment against HNRNPK	Chris Burge, MIT	ENCODE	released	/files/ENCFF261ZHZ/,/files/ENCFF715DIL/,/files/ENCFF281CNE/,/files/ENCFF004OKN/,/files/ENCFF674RCB/,/files/ENCFF346XPF/,/files/ENCFF595IBV/,/files/ENCFF850EVL/,/files/ENCFF732XFP/,/files/ENCFF775OKJ/,/files/ENCFF574ANJ/,/files/ENCFF813TVN/,/files/ENCFF298QFN/			1	1,2,3,4,5																/replicates/afde0b30-1afc-462b-b7f6-de685b7a5e35/,/replicates/3b88c2ae-1046-4ce0-b6b1-18cd28c64fc1/,/replicates/ae31e375-1abd-40bd-b51c-240cdaf6bde6/,/replicates/7081b0c0-8e55-4f06-a94e-86b74cf37253/,/replicates/dc305125-578d-4410-abbe-f4a56f630096/				
/experiments/ENCSR252RIJ/	ENCSR252RIJ	RNA Bind-n-Seq	RNA Bind-n-Seq	cell-free sample	/targets/SRSF4-human/	SRSF4	SRSF4		cell-free sample		RNA Bind-n-Seq (RBNS) pulldown experiment against SRSF4	Chris Burge, MIT	ENCODE	released	/files/ENCFF707DGD/,/files/ENCFF695JWD/,/files/ENCFF801NRU/,/files/ENCFF908WYK/,/files/ENCFF659GOB/,/files/ENCFF185UAE/,/files/ENCFF773PVD/,/files/ENCFF424VHK/,/files/ENCFF975KOB/,/files/ENCFF661GML/,/files/ENCFF298ZWZ/,/files/ENCFF166TCK/,/files/ENCFF225NRS/			1	3,4,1,2,5																/replicates/1e24e650-c9ad-4b98-a80c-c9a34c6d1ace/,/replicates/7dc3e61c-6585-4b7a-99db-501220fd7641/,/replicates/ecf4737f-d39f-4b3b-bfa9-93be1bf6d523/,/replicates/49763466-e45d-40c1-8b2c-9bdd65e18fbb/,/replicates/226eec84-b7df-4545-a5da-d55101cc6e67/				
/experiments/ENCSR759QKO/	ENCSR759QKO	RNA Bind-n-Seq	RNA Bind-n-Seq	cell-free sample	/targets/RBM25-human/	RBM25	RBM25		cell-free sample		RNA Bind-n-Seq (RBNS) pulldown experiment against RBM25	Chris Burge, MIT	ENCODE	released	/files/ENCFF066NPP/,/files/ENCFF897ZRK/,/files/ENCFF701SYD/,/files/ENCFF410QTN/,/files/ENCFF353VKL/,/files/ENCFF135TEV/,/files/ENCFF252CDY/,/files/ENCFF556OQE/,/files/ENCFF485TKI/,/files/ENCFF514QXS/,/files/ENCFF872SLK/,/files/ENCFF170PGF/,/files/ENCFF713WFE/			1	3,5,2,4,1																/replicates/c61e01df-4a7f-4eee-9d7a-c4517b2046b2/,/replicates/5643bd4e-c331-4060-b0c5-bf5d589b7a8c/,/replicates/3c5af6be-ba87-4f78-a363-64fcdebdd1c9/,/replicates/b2b7dac8-143a-45ae-bf05-54d758b8333c/,/replicates/db32c126-2622-4cb9-9f24-e055e9bab503/				
/experiments/ENCSR845GNW/	ENCSR845GNW	RNA Bind-n-Seq	RNA Bind-n-Seq	cell-free sample	/targets/PUM1-human/	PUM1	PUM1		cell-free sample		RNA Bind-n-Seq (RBNS) pulldown experiment against PUM1	Chris Burge, MIT	ENCODE	released	/files/ENCFF266PHU/,/files/ENCFF894MLG/,/files/ENCFF090QVU/,/files/ENCFF574TBN/,/files/ENCFF955ZGE/,/files/ENCFF345UJY/,/files/ENCFF519SMF/,/files/ENCFF966LVC/,/files/ENCFF400IBT/,/files/ENCFF056YLH/,/files/ENCFF031GWM/,/files/ENCFF704EBI/,/files/ENCFF537LES/,/files/ENCFF648TBV/,/files/ENCFF126IQM/			1	2,4,3,5,1																/replicates/f95681f4-8ae4-4fe5-9bd3-7b78894ca394/,/replicates/d6eaa552-c4b4-4244-8b51-d7a004dc96cc/,/replicates/cce8b8be-90c9-44ce-9341-c5209e68817d/,/replicates/6e6caefb-69bf-4aad-8e74-9f321cb07503/,/replicates/39d3f859-c33a-45a6-bef3-8b36209c9636/				
/experiments/ENCSR575QYE/	ENCSR575QYE	RNA Bind-n-Seq	RNA Bind-n-Seq	cell-free sample	/targets/KHDRBS2-human/	KHDRBS2	KHDRBS2		cell-free sample		RNA Bind-n-Seq (RBNS) pulldown experiment against KHDRBS2	Chris Burge, MIT	ENCODE	released	/files/ENCFF715SQI/,/files/ENCFF803LHT/,/files/ENCFF725OYS/,/files/ENCFF276YSZ/,/files/ENCFF234WAZ/,/files/ENCFF903TJA/,/files/ENCFF083OIG/,/files/ENCFF026GXV/,/files/ENCFF456XDP/,/files/ENCFF192FTT/,/files/ENCFF465ZHS/,/files/ENCFF388TRM/,/files/ENCFF859PTL/,/files/ENCFF193NAZ/,/files/ENCFF193FIH/			1	1,2,3,4,5																/replicates/f45fe4b5-9c0c-4aed-99b7-f5d91aa9caa1/,/replicates/5c69d2d0-9a88-47af-85b0-a2a85c4df6fb/,/replicates/c0fb98e9-62dd-4f04-b335-04d0fb68862c/,/replicates/520a36c8-c79d-47ab-950c-43493344d8bc/,/replicates/54c4291a-5ecb-4d97-8fa6-11cdab35b81f/				
/experiments/ENCSR919USP/	ENCSR919USP	RNA Bind-n-Seq	RNA Bind-n-Seq	cell-free sample	/targets/YBX2-human/	YBX2	YBX2		cell-free sample		RNA Bind-n-Seq (RBNS) pulldown experiment against YBX2	Chris Burge, MIT	ENCODE	released	/files/ENCFF995XRI/,/files/ENCFF414JCF/,/files/ENCFF182TEF/,/files/ENCFF340TEN/,/files/ENCFF335XEM/,/files/ENCFF272WRQ/,/files/ENCFF437MWC/,/files/ENCFF566IZY/,/files/ENCFF946LWT/,/files/ENCFF957CWU/,/files/ENCFF356YQN/			1	3,2,1																/replicates/16c643d1-ac2b-432e-9023-20b0774fa2ca/,/replicates/a61898dc-8bdf-4bcd-adea-dd2f795e5b7c/,/replicates/71d12d2b-1f25-4feb-b149-9d2836873ae9/				
/experiments/ENCSR936LOF/	ENCSR936LOF	RNA Bind-n-Seq	RNA Bind-n-Seq	cell-free sample	/targets/FUS-human/	FUS	FUS		cell-free sample		RNA Bind-n-Seq (RBNS) pulldown experiment against FUS	Chris Burge, MIT	ENCODE	released	/files/ENCFF375AIG/,/files/ENCFF739HXK/,/files/ENCFF692LOC/,/files/ENCFF448YEM/,/files/ENCFF471JZK/,/files/ENCFF680AGJ/,/files/ENCFF293XMV/,/files/ENCFF835DNX/,/files/ENCFF456TPW/,/files/ENCFF409RJT/,/files/ENCFF745URC/,/files/ENCFF031YEF/,/files/ENCFF907TLO/			1	2,4,1,3,5																/replicates/3ef7a40a-83b4-413e-9237-c7ca25738e8f/,/replicates/feec6546-c6f4-4196-8fab-d04b0d349089/,/replicates/5b7785e3-05e8-4aff-a7a4-a5bfa1eb52fc/,/replicates/2314b555-9099-4337-aefb-2437b2254817/,/replicates/3a5ea02e-35b4-4135-b0f7-8348c461d5ab/				
/experiments/ENCSR063HQO/	ENCSR063HQO	RNA Bind-n-Seq	RNA Bind-n-Seq	cell-free sample	/targets/EWSR1-human/	EWSR1	EWSR1		cell-free sample		RNA Bind-n-Seq (RBNS) pulldown experiment against EWSR1	Chris Burge, MIT	ENCODE	released	/files/ENCFF846YUO/,/files/ENCFF690OPZ/,/files/ENCFF352GUJ/,/files/ENCFF589AOW/,/files/ENCFF364MOL/,/files/ENCFF561OTA/,/files/ENCFF100OEJ/,/files/ENCFF127WKQ/,/files/ENCFF806UZR/,/files/ENCFF484JBC/,/files/ENCFF500XUN/,/files/ENCFF283ODT/			1	1,4,2,3,5																/replicates/b1fe3cd3-7f0a-478f-a645-b672cc604ccf/,/replicates/d81ea304-d1b3-444a-94e5-96e4c602d6a1/,/replicates/d6da554b-e3e8-411a-a531-5ca726da2c64/,/replicates/a7c38c64-2038-4080-808f-83b4132455ba/,/replicates/a23f3439-0281-4b55-b7be-02005f07feb4/				
/experiments/ENCSR331BKR/	ENCSR331BKR	RNA Bind-n-Seq	RNA Bind-n-Seq	cell-free sample	/targets/RBM4-human/	RBM4	RBM4		cell-free sample		RNA Bind-n-Seq (RBNS) pulldown experiment against RBM4	Chris Burge, MIT	ENCODE	released	/files/ENCFF401FZE/,/files/ENCFF662YDT/,/files/ENCFF940CRO/,/files/ENCFF527ZSP/,/files/ENCFF290VRZ/,/files/ENCFF891RFM/,/files/ENCFF399HBQ/,/files/ENCFF620EXI/,/files/ENCFF108CRY/,/files/ENCFF870FLG/,/files/ENCFF667LUD/,/files/ENCFF395DTW/,/files/ENCFF290ZZD/			1	2,3,4,1,5																/replicates/9e14816b-c65e-4303-8526-1f3d4c39d6d9/,/replicates/3bf96f7b-d618-4876-ad6b-51e51322ab99/,/replicates/e62285b8-dd9c-46d3-a21c-c3ae160bbd51/,/replicates/5f1fb216-dc48-40ed-9374-bf33fe1714a6/,/replicates/e376d6ee-436d-4db8-a491-56008baf236c/				
/experiments/ENCSR328PGZ/	ENCSR328PGZ	RNA Bind-n-Seq	RNA Bind-n-Seq	cell-free sample	/targets/HNRNPH2-human/	HNRNPH2	HNRNPH2		cell-free sample		RNA Bind-n-Seq (RBNS) pulldown experiment against hnRNPH2	Chris Burge, MIT	ENCODE	released	/files/ENCFF271YCR/,/files/ENCFF471ZPP/,/files/ENCFF789QRU/,/files/ENCFF951WED/,/files/ENCFF760BOS/,/files/ENCFF183XXP/,/files/ENCFF341AET/,/files/ENCFF852RPM/,/files/ENCFF554FAN/,/files/ENCFF690ORX/,/files/ENCFF765KER/			1	1,4,2,5,3																/replicates/ad05bb5a-c579-4a84-8a7a-7568d7ee6d5c/,/replicates/c52539c1-4060-4ca7-929d-3c48aee95037/,/replicates/5f71a380-7d03-48f1-8665-f7c9be796447/,/replicates/868c3407-916c-4e84-9225-73b8b5deced5/,/replicates/1adb3d34-3679-4961-9cfc-8b956e4d6a08/				
/experiments/ENCSR329RIP/	ENCSR329RIP	RNA Bind-n-Seq	RNA Bind-n-Seq	cell-free sample	/targets/MSI1-mouse/	MSI1	Msi1		cell-free sample		RNA Bind-n-Seq (RBNS) pulldown experiment against MSI1	Chris Burge, MIT	ENCODE	released	/files/ENCFF200FEI/,/files/ENCFF695CIJ/,/files/ENCFF110LAR/,/files/ENCFF200ERL/,/files/ENCFF518PVS/,/files/ENCFF049COJ/,/files/ENCFF701XPF/,/files/ENCFF996BLZ/,/files/ENCFF278ERO/,/files/ENCFF922BHB/,/files/ENCFF007RBS/,/files/ENCFF933GJV/,/files/ENCFF506LTL/,/files/ENCFF171TZH/,/files/ENCFF488UTB/			1	2,1,7,4,5,3,6																/replicates/c0f004d9-93a0-43f6-9b29-74e128f6048b/,/replicates/5ae053c7-5c7e-4c84-99be-ca57e452fef4/,/replicates/3d72e133-0ab8-4416-a459-30639c9f078c/,/replicates/3a181116-0e46-4064-bb87-782329076a18/,/replicates/4f807e0a-2f4e-499f-a085-09fa3721bad2/,/replicates/ce490282-1f5c-450f-a417-b432565efbda/,/replicates/12fb7bc7-013e-48f7-9f82-17290d6b00dd/				
/experiments/ENCSR588GYZ/	ENCSR588GYZ	RNA Bind-n-Seq	RNA Bind-n-Seq	cell-free sample	/targets/IGF2BP2-human/	IGF2BP2	IGF2BP2		cell-free sample		RNA Bind-n-Seq (RBNS) pulldown experiment against IGF2BP2	Chris Burge, MIT	ENCODE	released	/files/ENCFF446BRC/,/files/ENCFF551GUG/,/files/ENCFF331ENP/,/files/ENCFF262EYJ/,/files/ENCFF998ZLV/,/files/ENCFF359JRV/,/files/ENCFF074RIC/,/files/ENCFF841MFA/,/files/ENCFF703PSX/,/files/ENCFF758QOA/,/files/ENCFF833VXY/,/files/ENCFF556SJQ/			1	4,2,5,3,1																/replicates/d8b894fa-b212-4efc-b545-edb4fe2bff70/,/replicates/1c6a6948-9b90-4267-aa7f-f5837243e5ae/,/replicates/ee7e3796-c197-48ee-91ea-55f447461c52/,/replicates/616c4db5-8e91-4a00-9bb1-1ac67a907e47/,/replicates/45021bdc-6d49-4d5a-aafc-26bcd906755a/				
/experiments/ENCSR488AUU/	ENCSR488AUU	RNA Bind-n-Seq	RNA Bind-n-Seq	cell-free sample	/targets/EIF3D-human/	EIF3D	EIF3D		cell-free sample		RNA Bind-n-Seq (RBNS) pulldown experiment against EIF3D	Chris Burge, MIT	ENCODE	released	/files/ENCFF901UAU/,/files/ENCFF313IWB/,/files/ENCFF609BEU/,/files/ENCFF112DCJ/,/files/ENCFF092FJB/,/files/ENCFF290JKE/,/files/ENCFF397EFW/,/files/ENCFF337UFE/,/files/ENCFF920TGK/,/files/ENCFF400IEP/,/files/ENCFF259EWN/,/files/ENCFF755RTG/			1	1,2,3																/replicates/957a1e72-336d-4748-a098-e37fffd15482/,/replicates/b43aa641-3c69-4a08-a48a-6ebcead183b4/,/replicates/352435d7-ff03-48a1-9934-52a7e8ff9fff/				
/experiments/ENCSR843QMF/	ENCSR843QMF	RNA Bind-n-Seq	RNA Bind-n-Seq	cell-free sample	/targets/FUBP1-human/	FUBP1	FUBP1		cell-free sample		RNA Bind-n-Seq (RBNS) pulldown experiment against FUBP1	Chris Burge, MIT	ENCODE	released	/files/ENCFF624STJ/,/files/ENCFF884IBI/,/files/ENCFF319TXL/,/files/ENCFF597MHG/,/files/ENCFF677VDN/,/files/ENCFF259WWZ/,/files/ENCFF588INN/,/files/ENCFF679FDX/,/files/ENCFF994WHR/,/files/ENCFF078JLK/,/files/ENCFF064EZC/,/files/ENCFF975CXE/,/files/ENCFF438XEM/			1	3,4,2,5,1																/replicates/c59b3d01-dc2b-425d-aef6-daddc14a349c/,/replicates/cf9aaf02-c09b-405d-b2b9-a3d6f5292d18/,/replicates/f5f956f1-5ab5-4ad5-b5aa-b86420276d68/,/replicates/380c8b4e-c521-46f3-920f-2fda352e1d8f/,/replicates/2127c256-8071-4703-9a3b-1a0cc9b37e87/				
/experiments/ENCSR064NOY/	ENCSR064NOY	RNA Bind-n-Seq	RNA Bind-n-Seq	cell-free sample	/targets/TIA1-human/	TIA1	TIA1		cell-free sample		RNA Bind-n-Seq (RBNS) pulldown experiment against TIA1	Chris Burge, MIT	ENCODE	released	/files/ENCFF897ONM/,/files/ENCFF815CIK/,/files/ENCFF403RUI/,/files/ENCFF400JXE/,/files/ENCFF633HPI/,/files/ENCFF042KLN/,/files/ENCFF278GIB/,/files/ENCFF374UTI/,/files/ENCFF217XXK/,/files/ENCFF268DAL/,/files/ENCFF936GUV/,/files/ENCFF540NRR/,/files/ENCFF424RKK/,/files/ENCFF748GRE/,/files/ENCFF025PCM/			1	3,1,2,5,4																/replicates/699b3f94-ab75-484d-9131-e3eb83edf5f3/,/replicates/7e72cc8d-f395-4827-a805-4b3bebde6981/,/replicates/881c635e-4917-46e4-b0c0-6856cd58873b/,/replicates/42e0a17d-a949-4dcd-9943-3b0225f4ee32/,/replicates/50aebb18-d918-4fb1-8d0f-11391c5a5783/				
/experiments/ENCSR006QKZ/	ENCSR006QKZ	RNA Bind-n-Seq	RNA Bind-n-Seq	cell-free sample	/targets/MBNL1-human/	MBNL1	MBNL1		cell-free sample		RNA Bind-n-Seq (RBNS) pulldown experiment against MBNL1	Chris Burge, MIT	ENCODE	released	/files/ENCFF002DEY/,/files/ENCFF002DEZ/,/files/ENCFF002DFA/,/files/ENCFF002DFB/,/files/ENCFF002DFC/,/files/ENCFF002DFD/,/files/ENCFF002DGP/,/files/ENCFF002DGQ/,/files/ENCFF002DGR/,/files/ENCFF002DGS/,/files/ENCFF002DGT/,/files/ENCFF002DGU/,/files/ENCFF002DGV/,/files/ENCFF002DGW/,/files/ENCFF002DGX/			1	9,6,3,7,2,4,8,5,1																/replicates/a07b0b73-70e2-4bb3-b509-fd214c84309f/,/replicates/706f53a0-52ac-42d0-a86b-d25217f4be53/,/replicates/e720b531-bb06-40e8-a7bc-6281a77d56ab/,/replicates/a97bbdaa-aab4-47c3-8904-d6dd34d1caaf/,/replicates/9d14056b-8d70-4309-8219-5fe57d0d6c86/,/replicates/d6992b69-2b50-478b-a423-c6a096ab8695/,/replicates/6f5cf466-7f32-4b77-8365-f81598df6db5/,/replicates/6118b4a7-9911-4c04-a424-79253469947b/,/replicates/d7a4af92-da77-467a-9928-bbff9530678b/				
/experiments/ENCSR653ZTY/	ENCSR653ZTY	RNA Bind-n-Seq	RNA Bind-n-Seq	cell-free sample	/targets/TROVE2-human/	TROVE2	TROVE2		cell-free sample		RNA Bind-n-Seq (RBNS) pulldown experiment against TROVE2	Chris Burge, MIT	ENCODE	released	/files/ENCFF245ISP/,/files/ENCFF779BQS/,/files/ENCFF702NXM/,/files/ENCFF009LID/,/files/ENCFF073URD/,/files/ENCFF265BIN/,/files/ENCFF791XTX/,/files/ENCFF684NKR/,/files/ENCFF726HDC/			1	1,3,2																/replicates/6b010407-b884-4395-b005-8246e5989af3/,/replicates/ec39f89a-1875-446a-89da-fdda66ee5e7b/,/replicates/b5bb78ac-12b6-4d7f-ad09-03bebd06dc40/				
/experiments/ENCSR421UDF/	ENCSR421UDF	RNA Bind-n-Seq	RNA Bind-n-Seq	cell-free sample	/targets/RBFOX3-human/	RBFOX3	RBFOX3		cell-free sample		RNA Bind-n-Seq (RBNS) pulldown experiment against RBFOX3	Chris Burge, MIT	ENCODE	released	/files/ENCFF942RUM/,/files/ENCFF629DZC/,/files/ENCFF719LOX/,/files/ENCFF108IBF/,/files/ENCFF963SOG/,/files/ENCFF405QFZ/,/files/ENCFF536WVL/,/files/ENCFF952BVQ/,/files/ENCFF111IQQ/,/files/ENCFF150YMO/,/files/ENCFF411LYJ/,/files/ENCFF247CQR/,/files/ENCFF518RZJ/			1	4,5,1,3,2																/replicates/318869c7-961d-42f5-be45-217016f2f465/,/replicates/95c750c6-8d91-4115-b6e2-2f3f7befb4cb/,/replicates/f228ec61-3a0f-4b0a-8ca9-1441130f6c7f/,/replicates/339fa4ee-b25a-491a-8141-f6614ad0aad4/,/replicates/9e53997e-f3c2-4878-a852-6d31f05a14ff/				
/experiments/ENCSR379HWF/	ENCSR379HWF	RNA Bind-n-Seq	RNA Bind-n-Seq	cell-free sample	/targets/RBM3-human/	RBM3	RBM3		cell-free sample		RNA Bind-n-Seq (RBNS) pulldown experiment against RBM3	Chris Burge, MIT	ENCODE	released	/files/ENCFF576KOI/,/files/ENCFF745PBS/,/files/ENCFF809IFX/,/files/ENCFF819XJK/,/files/ENCFF814UBS/,/files/ENCFF915WEK/,/files/ENCFF079HPJ/,/files/ENCFF863IMN/			1	3,1,2																/replicates/e639e402-ce36-4762-8d4f-ed7b5bc4dfd3/,/replicates/8e2d6589-45b2-4b35-8ef6-73591b069c99/,/replicates/29bc42a2-a18b-4efe-b5eb-88358a416388/				
/experiments/ENCSR432LUH/	ENCSR432LUH	RNA Bind-n-Seq	RNA Bind-n-Seq	cell-free sample	/targets/EXOSC4-human/	EXOSC4	EXOSC4		cell-free sample		RNA Bind-n-Seq (RBNS) pulldown experiment against EXOSC4	Chris Burge, MIT	ENCODE	released	/files/ENCFF547QPF/,/files/ENCFF515KZG/,/files/ENCFF543ECU/,/files/ENCFF045ALS/,/files/ENCFF876SQO/,/files/ENCFF999GOK/,/files/ENCFF458GUX/,/files/ENCFF745BOG/,/files/ENCFF410ZHD/,/files/ENCFF729JYF/			1	3,1,2																/replicates/5c521cf4-65c6-40f9-9a7b-85c0024781aa/,/replicates/2b9596ea-f69f-4088-8797-7a1288c375d9/,/replicates/79adef4a-0328-49c5-8fa5-fe8cbb59a910/				
/experiments/ENCSR171TTH/	ENCSR171TTH	RNA Bind-n-Seq	RNA Bind-n-Seq	cell-free sample	/targets/ELAVL4-human/	ELAVL4	ELAVL4		cell-free sample		RNA Bind-n-Seq (RBNS) pulldown experiment against ELAVL4	Chris Burge, MIT	ENCODE	released	/files/ENCFF144IPW/,/files/ENCFF177IIK/,/files/ENCFF733WCR/,/files/ENCFF221RQV/,/files/ENCFF729VNY/,/files/ENCFF639TKW/,/files/ENCFF947KRL/,/files/ENCFF183CKH/,/files/ENCFF842JHX/,/files/ENCFF495WZV/,/files/ENCFF803LGU/,/files/ENCFF797VXM/,/files/ENCFF736UWG/			1	4,1,2,3,5																/replicates/92aec01c-e533-479a-b111-7450fdf34887/,/replicates/49e967e1-d2f7-444f-a281-5774948e2d75/,/replicates/5db37a1b-450d-4357-8c36-f52c9c4dcc8c/,/replicates/daa9e241-f110-46b4-a3a2-8d7d47c1c638/,/replicates/de6fe61d-c0f5-40a9-843a-b6158698a2f6/				
/experiments/ENCSR728SXZ/	ENCSR728SXZ	RNA Bind-n-Seq	RNA Bind-n-Seq	cell-free sample	/targets/RC3H1-human/	RC3H1	RC3H1		cell-free sample		RNA Bind-n-Seq (RBNS) pulldown experiment against RC3H1	Chris Burge, MIT	ENCODE	released	/files/ENCFF189FRP/,/files/ENCFF607ZLL/,/files/ENCFF870TDL/,/files/ENCFF222OVF/,/files/ENCFF540SRD/,/files/ENCFF792ROS/,/files/ENCFF732QEB/,/files/ENCFF083LIF/,/files/ENCFF393MNZ/,/files/ENCFF140TLP/,/files/ENCFF661BCA/,/files/ENCFF597IYF/,/files/ENCFF099SQP/			1	5,1,3,4,2																/replicates/f33fec1f-cb72-4c16-a445-10eec2404e4e/,/replicates/a2577232-08e8-42d4-a7e3-16b7e7e44fac/,/replicates/fd26b432-c2c2-4951-9109-b5d426836d6b/,/replicates/60c0a253-1569-450c-863d-fb34e8915724/,/replicates/a7daafbb-9813-4510-8892-0c5c18883652/				
/experiments/ENCSR806UCE/	ENCSR806UCE	RNA Bind-n-Seq	RNA Bind-n-Seq	cell-free sample	/targets/CNOT4-human/	CNOT4	CNOT4		cell-free sample		RNA Bind-n-Seq (RBNS) pulldown experiment against CNOT4	Chris Burge, MIT	ENCODE	released	/files/ENCFF798CEK/,/files/ENCFF751TQU/,/files/ENCFF763IRH/,/files/ENCFF897BPT/,/files/ENCFF691NQF/,/files/ENCFF291WEC/,/files/ENCFF497RAZ/,/files/ENCFF962UIH/,/files/ENCFF935NYJ/,/files/ENCFF420JBE/,/files/ENCFF553OKX/,/files/ENCFF724TVE/,/files/ENCFF485KVS/			1	3,5,2,1,4																/replicates/093e75de-8498-4ea5-82de-10da24f73255/,/replicates/c16c43d0-4422-48a1-a031-fc4c545bbd74/,/replicates/39ec7112-325f-4e81-8b16-5b13cc5a34fe/,/replicates/d8c583de-67c8-4632-8cd0-a159885673a6/,/replicates/3d6b61de-680d-4fcf-8d87-848ef6d2e98a/				
/experiments/ENCSR073DSH/	ENCSR073DSH	RNA Bind-n-Seq	RNA Bind-n-Seq	cell-free sample	/targets/SRSF11-human/	SRSF11	SRSF11		cell-free sample		RNA Bind-n-Seq (RBNS) pulldown experiment against SRSF11	Chris Burge, MIT	ENCODE	released	/files/ENCFF621BGN/,/files/ENCFF040OXG/,/files/ENCFF828WZL/,/files/ENCFF820GEE/,/files/ENCFF206YND/,/files/ENCFF877DUW/,/files/ENCFF205NWX/,/files/ENCFF795EEX/,/files/ENCFF431TKD/,/files/ENCFF260EGH/,/files/ENCFF186POK/,/files/ENCFF279RSC/,/files/ENCFF283VSZ/			1	1,5,4,2,3																/replicates/681b33e7-04ee-424f-8795-1bb351891b1f/,/replicates/0061b7fd-7a77-4276-aed1-41507b12d279/,/replicates/146ebb6d-51a9-4a46-bfc7-40eed287a4aa/,/replicates/0b54cfe7-09cb-426e-b492-6c332688331c/,/replicates/72d25734-3bde-42fd-9567-089a5f8f0395/				
/experiments/ENCSR382CPM/	ENCSR382CPM	RNA Bind-n-Seq	RNA Bind-n-Seq	cell-free sample	/targets/XRN2-human/	XRN2	XRN2		cell-free sample		RNA Bind-n-Seq (RBNS) pulldown experiment against XRN2	Chris Burge, MIT	ENCODE	released	/files/ENCFF793CXW/,/files/ENCFF122OCC/,/files/ENCFF814DJB/,/files/ENCFF260BWV/,/files/ENCFF391JRC/,/files/ENCFF520RQW/,/files/ENCFF923CZL/,/files/ENCFF269AFK/			1	3,1,2																/replicates/c51e13fb-d257-4819-9629-fe1f0146b99a/,/replicates/58dd705b-3f4a-4a60-9cb2-c4d6203d3601/,/replicates/fcb3682a-947a-4cdc-9da8-317b5e6ee3db/				
/experiments/ENCSR958WXF/	ENCSR958WXF	RNA Bind-n-Seq	RNA Bind-n-Seq	cell-free sample	/targets/HNRNPA1L2-human/	HNRNPA1L2	HNRNPA1L2		cell-free sample		RNA Bind-n-Seq (RBNS) pulldown experiment against HNRNPA1L2	Chris Burge, MIT	ENCODE	released	/files/ENCFF313MLM/,/files/ENCFF324SNP/,/files/ENCFF200VIJ/,/files/ENCFF259ROQ/,/files/ENCFF707XJU/,/files/ENCFF136NBQ/,/files/ENCFF837DUP/,/files/ENCFF401ZYO/,/files/ENCFF459TEM/,/files/ENCFF569IPW/			1	3,1,2																/replicates/bfa46ed2-67ce-41ac-b157-57d9c416ff18/,/replicates/35d74be4-7b5b-4acd-9a9b-1cdc6a55ed4a/,/replicates/43b339a6-c267-41c9-bf83-26b0aed29e4e/				
/experiments/ENCSR570AIV/	ENCSR570AIV	RNA Bind-n-Seq	RNA Bind-n-Seq	cell-free sample	/targets/ZFP36L1-human/	ZFP36L1	ZFP36L1		cell-free sample		RNA Bind-n-Seq (RBNS) pulldown experiment against ZFP36L1	Chris Burge, MIT	ENCODE	released	/files/ENCFF573PAZ/,/files/ENCFF838TGG/,/files/ENCFF676GIJ/,/files/ENCFF845KBZ/,/files/ENCFF525ZWW/,/files/ENCFF951HUV/,/files/ENCFF152EYR/,/files/ENCFF063FIR/,/files/ENCFF518BOX/			1	3,1,2																/replicates/9ecd28a8-9ed9-486d-9f27-5c07ae6abc02/,/replicates/336271de-760c-4e5e-a5ff-c9568f8a359f/,/replicates/99c8a427-6346-40e3-840f-953ef95ff149/				
/experiments/ENCSR391FEW/	ENCSR391FEW	RNA Bind-n-Seq	RNA Bind-n-Seq	cell-free sample	/targets/TRA2B-human/	TRA2B	TRA2B		cell-free sample		RNA Bind-n-Seq (RBNS) pulldown experiment against TRA2B	Chris Burge, MIT	ENCODE	released	/files/ENCFF306CPI/,/files/ENCFF053XRQ/,/files/ENCFF777VGS/,/files/ENCFF083WIC/,/files/ENCFF763MIF/,/files/ENCFF087FIC/,/files/ENCFF762NVQ/,/files/ENCFF804ETQ/			1	3,1,2																/replicates/76a9e98b-b992-4ad2-9750-56e3333989b6/,/replicates/dfd7371a-0fd0-44b3-b51a-8133976de961/,/replicates/05e13c2f-3822-4195-9bbe-e198817ac17e/				
/experiments/ENCSR297UTH/	ENCSR297UTH	RNA Bind-n-Seq	RNA Bind-n-Seq	cell-free sample	/targets/PPP1R10-human/	PPP1R10	PPP1R10		cell-free sample		RNA Bind-n-Seq (RBNS) pulldown experiment against PPP1R10	Chris Burge, MIT	ENCODE	released	/files/ENCFF514BCR/,/files/ENCFF943XFG/,/files/ENCFF005JOX/,/files/ENCFF242VUG/,/files/ENCFF189BHW/,/files/ENCFF794XEZ/,/files/ENCFF669QAC/,/files/ENCFF389PPC/,/files/ENCFF278ECV/			1	3,1,2																/replicates/69beabd6-0547-4a97-841d-7b8038830a10/,/replicates/e353090f-14cd-43a8-8ead-9a4817fbf75b/,/replicates/be9c39df-4dc2-455d-b0a0-46eec5e646f6/				
/experiments/ENCSR249GVR/	ENCSR249GVR	RNA Bind-n-Seq	RNA Bind-n-Seq	cell-free sample	/targets/ZFP36L2-human/	ZFP36L2	ZFP36L2		cell-free sample		RNA Bind-n-Seq (RBNS) pulldown experiment against ZFP36L2	Chris Burge, MIT	ENCODE	released	/files/ENCFF726RAA/,/files/ENCFF712YGA/,/files/ENCFF818NQL/,/files/ENCFF511LJA/,/files/ENCFF827ILK/,/files/ENCFF245MDF/,/files/ENCFF510XIS/,/files/ENCFF694JSN/,/files/ENCFF472AJZ/			1	3,1,2																/replicates/4440e01c-b260-4aab-baff-96e600a4df20/,/replicates/38141bce-c21b-4ec3-84af-2bbae0b57026/,/replicates/e801503d-7983-43f3-bdd0-ecb652b10d9b/				
/experiments/ENCSR914PGB/	ENCSR914PGB	RNA Bind-n-Seq	RNA Bind-n-Seq	cell-free sample	/targets/SRSF5-human/	SRSF5	SRSF5		cell-free sample		RNA Bind-n-Seq (RBNS) pulldown experiment against SRSF5	Chris Burge, MIT	ENCODE	released	/files/ENCFF229OOD/,/files/ENCFF804SHE/,/files/ENCFF388IAE/,/files/ENCFF130TEX/,/files/ENCFF214SJB/,/files/ENCFF901VZV/,/files/ENCFF842OMI/,/files/ENCFF762GOC/,/files/ENCFF478NNJ/,/files/ENCFF351IBT/,/files/ENCFF977YCA/			1	4,5,2,3,1																/replicates/7e02dd5a-701c-4f8c-90b6-be09f046b65b/,/replicates/22f2bc3f-9cc4-4a7f-82f8-c3ef26949d0e/,/replicates/62f67303-e63a-481e-b09c-b9804bcc96b3/,/replicates/851215a5-1ecf-493a-a709-47cdc3653e56/,/replicates/4d763d89-eba6-40ca-bea9-a2c0304153a4/				
/experiments/ENCSR539RTM/	ENCSR539RTM	RNA Bind-n-Seq	RNA Bind-n-Seq	cell-free sample	/targets/PCBP1-human/	PCBP1	PCBP1		cell-free sample		RNA Bind-n-Seq (RBNS) pulldown experiment against PCBP1	Chris Burge, MIT	ENCODE	released	/files/ENCFF015VYZ/,/files/ENCFF134JFO/,/files/ENCFF111WYI/,/files/ENCFF965AGF/,/files/ENCFF975PLP/,/files/ENCFF894ONZ/,/files/ENCFF391AFQ/,/files/ENCFF488GYB/,/files/ENCFF730IXM/,/files/ENCFF268RKR/,/files/ENCFF564LBJ/,/files/ENCFF669GAJ/,/files/ENCFF153TFF/,/files/ENCFF319TDW/,/files/ENCFF544DRZ/			1	2,4,5,1,3																/replicates/5ff01c84-99b0-4d7c-81f4-8a8efbc7524b/,/replicates/0c71e734-d34e-4b1e-ab93-4a22e30d8a97/,/replicates/b2e1a209-690a-43f1-ac06-89f508b623fe/,/replicates/320152ef-5bed-4bf3-bb1e-fda1fc23815d/,/replicates/6fb7eddc-fbfb-48a1-9f0f-52cc7120f841/				
/experiments/ENCSR744POX/	ENCSR744POX	RNA Bind-n-Seq	RNA Bind-n-Seq	cell-free sample	/targets/SRSF10-human/	SRSF10	SRSF10		cell-free sample		RNA Bind-n-Seq (RBNS) pulldown experiment against SRSF10	Chris Burge, MIT	ENCODE	released	/files/ENCFF386EWB/,/files/ENCFF272IIN/,/files/ENCFF457XQS/,/files/ENCFF057FSE/,/files/ENCFF593KNI/,/files/ENCFF908JKG/,/files/ENCFF855MSY/,/files/ENCFF645LFQ/,/files/ENCFF590LJM/,/files/ENCFF896LEJ/,/files/ENCFF820MRK/			1	2,5,4,1,3																/replicates/4265cdda-7b43-4b18-98fc-971968150355/,/replicates/21f7dae8-f6f4-4e42-bc1f-dbf184514cf2/,/replicates/cc9d0af9-7771-4895-b0a8-4cc09ecc5c91/,/replicates/ecc6df1c-963a-40b0-b55e-214330754c1d/,/replicates/5c859361-81fb-4167-9c7c-69e283c7d790/				
/experiments/ENCSR006TPX/	ENCSR006TPX	RNA Bind-n-Seq	RNA Bind-n-Seq	cell-free sample	/targets/RBM22-human/	RBM22	RBM22		cell-free sample		RNA Bind-n-Seq (RBNS) pulldown experiment against RBM22	Chris Burge, MIT	ENCODE	released	/files/ENCFF864NMG/,/files/ENCFF293KBP/,/files/ENCFF870LSB/,/files/ENCFF518QQN/,/files/ENCFF576DJF/,/files/ENCFF745RRQ/,/files/ENCFF222JFA/,/files/ENCFF488JCO/,/files/ENCFF688EDA/,/files/ENCFF849UTP/,/files/ENCFF581IOZ/,/files/ENCFF708MRW/,/files/ENCFF179SVM/,/files/ENCFF106RWF/,/files/ENCFF686ABH/			1	5,3,4,2,1																/replicates/1df7c3fd-b954-49f0-b1cb-98b075ce5bf2/,/replicates/d6be2a3a-8686-406d-9fc5-e9dab8b89067/,/replicates/43a452a3-204f-49c9-959e-ce5191733785/,/replicates/b91cfc03-936f-4ee3-b125-5ff312023f03/,/replicates/5876b0b6-6f76-4b81-b2af-f9505313aa8c/				
/experiments/ENCSR175OMA/	ENCSR175OMA	RNA Bind-n-Seq	RNA Bind-n-Seq	cell-free sample	/targets/HNRNPD-human/	HNRNPD	HNRNPD		cell-free sample		RNA Bind-n-Seq (RBNS) pulldown experiment against hnRNPD	Chris Burge, MIT	ENCODE	released	/files/ENCFF002DEG/,/files/ENCFF002DEH/,/files/ENCFF002DEI/,/files/ENCFF002DEJ/,/files/ENCFF002DEK/,/files/ENCFF002DEL/,/files/ENCFF002DFU/,/files/ENCFF002DFV/,/files/ENCFF002DFW/,/files/ENCFF002DFX/,/files/ENCFF002DFY/			1	3,4,2,1,5																/replicates/4d68cb81-d71e-45fe-8892-0326cccdbdd3/,/replicates/d56e6a7b-7ae0-49bf-9dd3-497591cca3a0/,/replicates/3312a7ed-74a4-45ca-8c11-f0cf2f0b5a54/,/replicates/530b7029-8443-423c-a285-e4efd0d1e585/,/replicates/f928ea19-d992-4245-aa19-c8b9c74c7fc4/				
/experiments/ENCSR376SUZ/	ENCSR376SUZ	RNA Bind-n-Seq	RNA Bind-n-Seq	cell-free sample	/targets/HNRNPF-human/	HNRNPF	HNRNPF		cell-free sample		RNA Bind-n-Seq (RBNS) pulldown experiment against hnRNPF	Chris Burge, MIT	ENCODE	released	/files/ENCFF002DEM/,/files/ENCFF002DEN/,/files/ENCFF002DEO/,/files/ENCFF002DEP/,/files/ENCFF002DEQ/,/files/ENCFF002DER/,/files/ENCFF002DGB/,/files/ENCFF002DGC/,/files/ENCFF002DGD/,/files/ENCFF002DGE/,/files/ENCFF002DGF/			1	1,3,2,4,5																/replicates/87a49e67-a8bd-4e64-ae2f-17f1b8281322/,/replicates/1d5208fe-dc62-4f86-8564-dfcc187763d8/,/replicates/85290867-9b24-4605-9436-ec5f01068ef2/,/replicates/dfea3614-dffa-4a3b-b58d-ec75d9669bce/,/replicates/48620c39-f1b7-4196-abb3-5e90f2a3f699/				
/experiments/ENCSR992NHR/	ENCSR992NHR	RNA Bind-n-Seq	RNA Bind-n-Seq	cell-free sample	/targets/CELF1-human/	CELF1	CELF1		cell-free sample		RNA Bind-n-Seq (RBNS) pulldown experiment against CELF1	Chris Burge, MIT	ENCODE	released	/files/ENCFF002DEA/,/files/ENCFF002DEB/,/files/ENCFF002DEC/,/files/ENCFF002DED/,/files/ENCFF002DEE/,/files/ENCFF002DEF/,/files/ENCFF002DFL/,/files/ENCFF002DFM/,/files/ENCFF002DFN/,/files/ENCFF002DFO/,/files/ENCFF002DFP/,/files/ENCFF002DFQ/,/files/ENCFF002DFR/			1	4,6,1,2,7,3,5																/replicates/5b2b63ef-8387-4fa5-88e7-77c314fdecc8/,/replicates/2eac1007-8564-4cfc-b195-725eee6a2a23/,/replicates/ef2c437a-2dcc-4861-a176-cf1f3722c044/,/replicates/f1e47635-c9ce-474c-ba15-1e99bcd6c55d/,/replicates/69f83ee4-fa84-4b47-9097-0083fabb7818/,/replicates/bf7414eb-e10c-48ac-a14a-654675d6b026/,/replicates/8c1d17c8-a331-4224-8ca9-94484e71619f/				
/experiments/ENCSR945YVY/	ENCSR945YVY	RNA Bind-n-Seq	RNA Bind-n-Seq	cell-free sample	/targets/EIF4H-human/	EIF4H	EIF4H		cell-free sample		RNA Bind-n-Seq (RBNS) pulldown experiment against EIF4H	Chris Burge, MIT	ENCODE	released	/files/ENCFF114BBL/,/files/ENCFF458RCH/,/files/ENCFF609ORZ/,/files/ENCFF452MVU/,/files/ENCFF940HAL/,/files/ENCFF222QKD/,/files/ENCFF201LSJ/,/files/ENCFF381XVS/,/files/ENCFF318LUZ/,/files/ENCFF679ZFQ/			1	3,1,2																/replicates/a600698b-2bf7-4a1d-8a9c-c20474515eee/,/replicates/322f1576-613e-4104-a521-f5fbc7852976/,/replicates/0dd6e29f-0ab0-478c-a890-5ecef945e981/				
/experiments/ENCSR441HLP/	ENCSR441HLP	RNA Bind-n-Seq	RNA Bind-n-Seq	cell-free sample	/targets/RBFOX2-human/	RBFOX2	RBFOX2		cell-free sample		RNA Bind-n-Seq (RBNS) pulldown experiment against RBFOX2	Chris Burge, MIT	ENCODE	released	/files/ENCFF002DFE/,/files/ENCFF002DFF/,/files/ENCFF002DFG/,/files/ENCFF002DFH/,/files/ENCFF002DFI/,/files/ENCFF002DFJ/,/files/ENCFF002DHA/,/files/ENCFF002DHB/,/files/ENCFF002DHC/,/files/ENCFF002DHD/,/files/ENCFF002DHE/,/files/ENCFF002DHF/,/files/ENCFF002DHG/,/files/ENCFF002DHH/,/files/ENCFF002DHI/,/files/ENCFF499CES/,/files/ENCFF832GIY/			1	2,4,5,7,9,1,3,6,8																/replicates/3cb84f34-23d2-4cc9-87d6-19a414aee46d/,/replicates/e1e84afa-3c64-4eea-8995-5fb7e6450772/,/replicates/5ba32361-f62d-49f9-946d-501f5e002944/,/replicates/3abc1080-0f21-41c6-8926-975fed2516dd/,/replicates/4890ec3e-9173-4eee-80f0-bd42ef80604c/,/replicates/e218f0eb-e211-4d46-bf62-173cd7884f92/,/replicates/ac9c3193-039b-466d-92f3-4469440e95f9/,/replicates/01df5495-d1ab-457c-abff-d3f412a0eb82/,/replicates/ab8f0c28-441b-4bda-b29f-3224d71a251c/				
/experiments/ENCSR741ZPT/	ENCSR741ZPT	RNA Bind-n-Seq	RNA Bind-n-Seq	cell-free sample	/targets/PTBP3-human/	PTBP3	PTBP3		cell-free sample		RNA Bind-n-Seq (RBNS) pulldown experiment against PTBP3	Chris Burge, MIT	ENCODE	released	/files/ENCFF002EVE/,/files/ENCFF002EVF/,/files/ENCFF002EVG/,/files/ENCFF002EVH/,/files/ENCFF002EVI/,/files/ENCFF002EVJ/,/files/ENCFF002BYK/,/files/ENCFF002BYO/,/files/ENCFF002BYL/,/files/ENCFF002BYM/,/files/ENCFF002BYJ/,/files/ENCFF002BYP/,/files/ENCFF817UKQ/,/files/ENCFF988VZT/			1	6,2,5,4,1,3																/replicates/d3677f7f-3c7c-4010-b501-358f1a9ee6b5/,/replicates/4c42767c-7a8c-465e-9589-939ce180398b/,/replicates/eb158fca-455b-4c43-b03c-4fdcb5714614/,/replicates/31d692d3-5e39-47f8-b5c3-d9dc8e4f2870/,/replicates/dee02f6c-9bd5-4ee4-bf51-16f820d51828/,/replicates/6459c1c8-9431-4d10-8c76-2d57d9a50e00/				
/experiments/ENCSR928XOW/	ENCSR928XOW	RNA Bind-n-Seq	RNA Bind-n-Seq	cell-free sample	/targets/IGF2BP1-human/	IGF2BP1	IGF2BP1		cell-free sample		RNA Bind-n-Seq (RBNS) pulldown experiment against IGF2BP1/IMP1	Chris Burge, MIT	ENCODE	released	/files/ENCFF002DGI/,/files/ENCFF002DGJ/,/files/ENCFF002DGK/,/files/ENCFF002DGL/,/files/ENCFF002DGM/,/files/ENCFF232CHY/,/files/ENCFF157MJN/,/files/ENCFF742YHB/,/files/ENCFF493XXL/,/files/ENCFF461NLU/,/files/ENCFF291VRH/,/files/ENCFF749TMN/,/files/ENCFF795EZC/			1	3,5,2,1,4																/replicates/18c428e7-a38d-471c-978c-807c7d3fd400/,/replicates/cf05679f-ef58-4f72-b50c-3827bdfc8d6c/,/replicates/fddb6fd1-d35e-4914-b824-ade865345ca0/,/replicates/71362f74-126e-4458-b0b8-c89ec5994f63/,/replicates/20343d38-d23f-47e8-8fa9-a235271a110d/				
/experiments/ENCSR697VZN/	ENCSR697VZN	RNA Bind-n-Seq	RNA Bind-n-Seq	cell-free sample	/targets/FUBP3-human/	FUBP3	FUBP3		cell-free sample		RNA Bind-n-Seq (RBNS) pulldown experiment against FUBP3	Chris Burge, MIT	ENCODE	released	/files/ENCFF626IFM/,/files/ENCFF229MQG/,/files/ENCFF340APJ/,/files/ENCFF130HUZ/,/files/ENCFF146YJF/,/files/ENCFF071WGX/,/files/ENCFF012DBP/,/files/ENCFF901VSN/,/files/ENCFF415RLT/,/files/ENCFF826BAQ/,/files/ENCFF891TDY/,/files/ENCFF610YNE/,/files/ENCFF771NBD/,/files/ENCFF325TXM/			1	1,3,5,4,2																/replicates/68aee177-b2fb-4cbc-9700-d0ecdcdf857c/,/replicates/f7d98206-d359-4c23-b7dd-5f0e2fff4e79/,/replicates/784cbca3-4e92-469b-8ad9-8d0dfa4efb60/,/replicates/1f1b15b1-ec91-4699-a2ef-6acd8b4d1d7c/,/replicates/b8829c4e-9351-414a-8b0f-7f6b6fdfdc60/				
/experiments/ENCSR569UIU/	ENCSR569UIU	RNA Bind-n-Seq	RNA Bind-n-Seq	cell-free sample	/targets/HNRNPC-human/	HNRNPC	HNRNPC		cell-free sample		RNA Bind-n-Seq (RBNS) pulldown experiment against hnRNPC	Chris Burge, MIT	ENCODE	released	/files/ENCFF083JEO/,/files/ENCFF235WCJ/,/files/ENCFF161YRQ/,/files/ENCFF592FMJ/,/files/ENCFF304NRR/,/files/ENCFF366SWO/,/files/ENCFF437UNW/,/files/ENCFF660VBL/,/files/ENCFF762UHX/,/files/ENCFF266NJN/,/files/ENCFF380JJG/,/files/ENCFF910BCQ/,/files/ENCFF370OUE/			1	3,5,2,1,4																/replicates/af3f72be-3d33-485e-bcb9-18493fef5c36/,/replicates/d4b3ed20-d484-4883-a780-8a3d37b15870/,/replicates/d0cc5f29-91a8-436e-ba91-5ff0376359f7/,/replicates/84ce94e2-1ac1-4bb4-aa2f-709915784c49/,/replicates/f3f60c85-9089-4d5c-bf3b-9e390934c376/				
/experiments/ENCSR334QCK/	ENCSR334QCK	RNA Bind-n-Seq	RNA Bind-n-Seq	cell-free sample	/targets/PABPN1L-human/	PABPN1L	PABPN1L		cell-free sample		RNA Bind-n-Seq (RBNS) pulldown experiment against PABPN1L	Chris Burge, MIT	ENCODE	released	/files/ENCFF390FGE/,/files/ENCFF883BVH/,/files/ENCFF219HWQ/,/files/ENCFF988CZO/,/files/ENCFF992FMO/,/files/ENCFF419ZIO/,/files/ENCFF174DZO/,/files/ENCFF807YLK/,/files/ENCFF749PUO/,/files/ENCFF285OLQ/,/files/ENCFF925JZI/,/files/ENCFF317DKE/,/files/ENCFF359PFB/,/files/ENCFF822GML/			1	4,2,1,3,5																/replicates/efc7944c-d70d-4a93-b813-b223fb4cb17e/,/replicates/7a4b1b9a-f7d2-4919-8b1e-e9bed594a82e/,/replicates/006c94b9-b073-4a58-891b-a8b685f81c54/,/replicates/85585fe5-8b25-4085-a410-6d5b63108833/,/replicates/6381bb2a-16c0-4f0d-a47f-f59ddaa7d359/				
/experiments/ENCSR934TDK/	ENCSR934TDK	RNA Bind-n-Seq	RNA Bind-n-Seq	cell-free sample	/targets/A1CF-human/	A1CF	A1CF		cell-free sample		RNA Bind-n-Seq (RBNS) pulldown experiment against A1CF	Chris Burge, MIT	ENCODE	released	/files/ENCFF305UGG/,/files/ENCFF884QIH/,/files/ENCFF187MDO/,/files/ENCFF274IJN/,/files/ENCFF194FOG/,/files/ENCFF672ZPY/,/files/ENCFF943MNY/,/files/ENCFF921OBL/,/files/ENCFF902SNR/,/files/ENCFF708DPS/,/files/ENCFF630YWR/,/files/ENCFF107SCR/,/files/ENCFF017ISP/			1	1,2,5,3,4																/replicates/aa38f9b5-dfd6-4d8c-8a85-9755edff8f23/,/replicates/6bb44487-820d-4751-b879-0ee55c5afb85/,/replicates/c776b99c-9dad-4e80-b27c-baf045182010/,/replicates/37fc4768-3be3-424f-9a84-a1a97752ad56/,/replicates/4a743102-178b-4542-b35a-80055c42ffd8/				
/experiments/ENCSR315VQD/	ENCSR315VQD	RNA Bind-n-Seq	RNA Bind-n-Seq	cell-free sample	/targets/ZFP36-human/	ZFP36	ZFP36		cell-free sample		RNA Bind-n-Seq (RBNS) pulldown experiment against ZFP36	Chris Burge, MIT	ENCODE	released	/files/ENCFF006ZXM/,/files/ENCFF149ZPE/,/files/ENCFF113XPZ/,/files/ENCFF248KPL/,/files/ENCFF089AAP/,/files/ENCFF193EMA/,/files/ENCFF151RNY/,/files/ENCFF735TCL/,/files/ENCFF170BKQ/,/files/ENCFF522CPG/,/files/ENCFF744DNT/,/files/ENCFF916BLW/,/files/ENCFF633DXF/			1	1,2,3,5,4																/replicates/c465dad9-6c58-474b-a3d5-e30489cf9674/,/replicates/b9d95ffe-30d5-4960-9d46-ab4426197709/,/replicates/fe133e58-c302-4ab5-9b52-fa9ca2076b44/,/replicates/30be5051-cbe8-4e86-8b20-a59b519cd674/,/replicates/4b6cf39c-a7d5-4e91-ac19-a6c4e955adc0/				
/experiments/ENCSR369RLA/	ENCSR369RLA	RNA Bind-n-Seq	RNA Bind-n-Seq	cell-free sample	/targets/LIN28B-human/	LIN28B	LIN28B		cell-free sample		RNA Bind-n-Seq (RBNS) pulldown experiment against LIN28B	Chris Burge, MIT	ENCODE	released	/files/ENCFF409TMI/,/files/ENCFF009HWR/,/files/ENCFF708BUH/,/files/ENCFF784JYD/,/files/ENCFF189NSX/,/files/ENCFF799ZVX/,/files/ENCFF003NMX/,/files/ENCFF572WPM/,/files/ENCFF105LNF/,/files/ENCFF410FBU/			1	2,1,3																/replicates/0a5e2d35-2cc1-4f05-bfba-ae27b03223b7/,/replicates/e80cab4a-1b12-4c89-9ec5-baa23ff12172/,/replicates/aebf513d-a51e-4496-a9e5-b7339410c093/				
/experiments/ENCSR084YCO/	ENCSR084YCO	RNA Bind-n-Seq	RNA Bind-n-Seq	cell-free sample	/targets/CPEB1-human/	CPEB1	CPEB1		cell-free sample		RNA Bind-n-Seq (RBNS) pulldown experiment against CPEB1	Chris Burge, MIT	ENCODE	released	/files/ENCFF960JKZ/,/files/ENCFF859RIY/,/files/ENCFF903JOE/,/files/ENCFF808XIS/,/files/ENCFF013YVD/,/files/ENCFF473SQY/,/files/ENCFF604BFV/,/files/ENCFF742NAC/,/files/ENCFF745KUY/,/files/ENCFF487PLP/,/files/ENCFF734WNH/,/files/ENCFF670HNQ/,/files/ENCFF884AFI/,/files/ENCFF313SEU/			1	4,1,2,3,5																/replicates/6b660b50-7105-4f08-8466-0d49d047e0fe/,/replicates/5014428a-4106-4e56-98de-01196ed4aa28/,/replicates/15ec8246-1d75-41ba-86f8-ab9ac02b2c6a/,/replicates/737c0ddb-c2e8-4fc2-8e6c-cc86ea4699fd/,/replicates/17f172c0-5f61-4582-9f5f-3deec159e8d9/				
/experiments/ENCSR741VUK/	ENCSR741VUK	RNA Bind-n-Seq	RNA Bind-n-Seq	cell-free sample	/targets/TRA2A-human/	TRA2A	TRA2A		cell-free sample		RNA Bind-n-Seq (RBNS) pulldown experiment against TRA2A	Chris Burge, MIT	ENCODE	released	/files/ENCFF351RRP/,/files/ENCFF879MFV/,/files/ENCFF115SBU/,/files/ENCFF517XHH/,/files/ENCFF674LSW/,/files/ENCFF369HLN/,/files/ENCFF209PWZ/,/files/ENCFF053JOA/,/files/ENCFF191XFI/,/files/ENCFF406VDD/,/files/ENCFF971NRM/,/files/ENCFF191NLM/,/files/ENCFF804SZR/,/files/ENCFF015CJR/,/files/ENCFF425CRZ/			1	4,3,1,2,5																/replicates/0196c979-0348-407d-bcf6-dea95572b790/,/replicates/08fefe95-448a-4e8a-af52-8d2e92e9ba56/,/replicates/3a223182-7452-4ed0-89b6-9ddeb0642d95/,/replicates/8c475e35-e3df-46cf-abd2-5e0fc046d7f4/,/replicates/d323b46c-61b4-4c94-8f7f-abeae82704ba/				
/experiments/ENCSR906EKN/	ENCSR906EKN	RNA Bind-n-Seq	RNA Bind-n-Seq	cell-free sample	/targets/ILF2-human/	ILF2	ILF2		cell-free sample		RNA Bind-n-Seq (RBNS) pulldown experiment against ILF2	Chris Burge, MIT	ENCODE	released	/files/ENCFF085TLW/,/files/ENCFF976DUC/,/files/ENCFF096YGY/,/files/ENCFF383QAM/,/files/ENCFF539DBG/,/files/ENCFF647LEW/,/files/ENCFF003OLV/,/files/ENCFF529SPJ/,/files/ENCFF254FHX/,/files/ENCFF056ZFM/,/files/ENCFF971PUI/,/files/ENCFF612KES/,/files/ENCFF411LNZ/			1	2,3,4,1,5																/replicates/c2a74acc-18a1-4e4e-bff4-2b0e802e0a0c/,/replicates/c389358e-f0d7-4bc8-b0fa-e2e3a7db4f43/,/replicates/cfa324ff-d96e-4590-834e-01ec1f9720fa/,/replicates/0042eeed-b1e2-4d41-8859-4c6553e1aa2d/,/replicates/8e7a6220-87cc-4d89-abce-07c3a68cf016/				
/experiments/ENCSR673FLQ/	ENCSR673FLQ	RNA Bind-n-Seq	RNA Bind-n-Seq	cell-free sample	/targets/PCBP2-human/	PCBP2	PCBP2		cell-free sample		RNA Bind-n-Seq (RBNS) pulldown experiment against PCBP2	Chris Burge, MIT	ENCODE	released	/files/ENCFF053JNP/,/files/ENCFF798SMM/,/files/ENCFF020KTF/,/files/ENCFF058WPN/,/files/ENCFF691SCA/,/files/ENCFF024ODR/,/files/ENCFF203BAO/,/files/ENCFF908FAV/,/files/ENCFF877XOK/,/files/ENCFF761GIK/,/files/ENCFF282GMF/,/files/ENCFF986WIW/,/files/ENCFF884AGK/,/files/ENCFF999HRP/			1	1,4,3,5,2																/replicates/661ca48f-c55f-4dc3-abd2-9e175d7d7d20/,/replicates/dea10688-42d4-4d9f-8986-6badd930a7bd/,/replicates/c2851370-56d2-47fc-bdaa-339c8c132817/,/replicates/02c8e3e2-dd7c-4791-8f22-c1c845502f8f/,/replicates/b38762c7-ad64-4762-9567-9c72b52dc52c/				
/experiments/ENCSR724HZI/	ENCSR724HZI	RNA Bind-n-Seq	RNA Bind-n-Seq	cell-free sample	/targets/SRSF9-human/	SRSF9	SRSF9		cell-free sample		RNA Bind-n-Seq (RBNS) pulldown experiment against SRSF9	Chris Burge, MIT	ENCODE	released	/files/ENCFF305KBH/,/files/ENCFF042JZR/,/files/ENCFF413ETY/,/files/ENCFF779KVV/,/files/ENCFF927STX/,/files/ENCFF518QQO/,/files/ENCFF131QFS/,/files/ENCFF930MUF/,/files/ENCFF904PHM/,/files/ENCFF081SZX/,/files/ENCFF902PZM/,/files/ENCFF808FRG/,/files/ENCFF434EMZ/,/files/ENCFF349NQV/			1	4,5,3,1,2																/replicates/c5a20912-62e5-4eb7-b4cf-30c5a4dbfa4a/,/replicates/2368ce73-0371-4c3e-b6ff-f46f24b64744/,/replicates/009980ea-d200-46eb-af8a-3c7149f95392/,/replicates/dc987a42-fbc1-4323-8ef0-6afa716203dd/,/replicates/df4458a5-1a9f-495e-9c45-beac66964f09/				
/experiments/ENCSR318HZC/	ENCSR318HZC	RNA Bind-n-Seq	RNA Bind-n-Seq	cell-free sample	/targets/SF1-human/	SF1	SF1		cell-free sample		RNA Bind-n-Seq (RBNS) pulldown experiment against SF1	Chris Burge, MIT	ENCODE	released	/files/ENCFF894RNB/,/files/ENCFF550BZS/,/files/ENCFF045VHV/,/files/ENCFF753JLV/,/files/ENCFF990CLK/,/files/ENCFF268MJA/,/files/ENCFF310EFE/,/files/ENCFF574ATK/,/files/ENCFF408CLJ/,/files/ENCFF580RLC/,/files/ENCFF620JEI/,/files/ENCFF846RCG/,/files/ENCFF514OMP/			1	1,5,3,2,4																/replicates/71b99000-e13a-4db6-bd13-63e903a018aa/,/replicates/4720bccd-c9a9-4c5c-9157-1ec963d279db/,/replicates/50323b03-72a8-411d-bc7d-a6dbb6ee0c35/,/replicates/775a34fe-418f-41d9-bf30-a662f22f6252/,/replicates/aab69dae-7a3e-4bc0-9c70-4edcea5ecc2d/				
/experiments/ENCSR264RVK/	ENCSR264RVK	RNA Bind-n-Seq	RNA Bind-n-Seq	cell-free sample	/targets/RBM47-mouse/	RBM47	Rbm47		cell-free sample		RNA Bind-n-Seq (RBNS) pulldown experiment against RBM47	Chris Burge, MIT	ENCODE	released	/files/ENCFF546CET/,/files/ENCFF753GNQ/,/files/ENCFF309STS/,/files/ENCFF034WGD/,/files/ENCFF124DAS/,/files/ENCFF650UUT/,/files/ENCFF152YBN/,/files/ENCFF051CMM/,/files/ENCFF953ZVW/,/files/ENCFF211NKK/,/files/ENCFF639XVL/,/files/ENCFF063VIP/,/files/ENCFF995ECH/,/files/ENCFF689ZBZ/			1	5,3,4,2,1,6																/replicates/23707581-bafa-45a9-a34f-280652d7482e/,/replicates/e4efd816-a5e8-4e46-a0bc-629c4d5b91be/,/replicates/9096c20c-a333-4b3a-9300-03aed2707a96/,/replicates/20a54495-dacb-4535-bf24-b0573b31f63c/,/replicates/401eb717-e9c7-4dfd-921e-9fb92d92f8d2/,/replicates/d8057c2a-ebae-48ee-9338-118312cf6b1b/				
/experiments/ENCSR548RVM/	ENCSR548RVM	RNA Bind-n-Seq	RNA Bind-n-Seq	cell-free sample	/targets/RBM6-human/	RBM6	RBM6		cell-free sample		RNA Bind-n-Seq (RBNS) pulldown experiment against RBM6	Chris Burge, MIT	ENCODE	released	/files/ENCFF002VNX/,/files/ENCFF133WMF/,/files/ENCFF229GWE/,/files/ENCFF880ULO/,/files/ENCFF796ZYM/,/files/ENCFF150OOG/,/files/ENCFF612PCY/,/files/ENCFF793PCZ/,/files/ENCFF264BEX/,/files/ENCFF191CTZ/,/files/ENCFF726YHH/,/files/ENCFF409JMW/,/files/ENCFF202DIL/			1	4,1,2,5,3																/replicates/641f4f86-3424-4058-9c64-2d2fb8b042ec/,/replicates/641573c6-342a-4f0e-9958-4536b850845f/,/replicates/58d7d663-3897-4950-953b-84b711504a18/,/replicates/d5708737-9193-49a5-bf51-14b3130fdd5d/,/replicates/c973b6bc-e364-44bd-9c71-d3928f786cfb/				
/experiments/ENCSR600HIW/	ENCSR600HIW	RNA Bind-n-Seq	RNA Bind-n-Seq	cell-free sample	/targets/EIF4G2-human/	EIF4G2	EIF4G2		cell-free sample		RNA Bind-n-Seq (RBNS) pulldown experiment against EIF4G2	Chris Burge, MIT	ENCODE	released	/files/ENCFF396JVK/,/files/ENCFF747XEL/,/files/ENCFF531KCO/,/files/ENCFF083UGT/,/files/ENCFF483PKV/,/files/ENCFF613BOZ/,/files/ENCFF798BTI/,/files/ENCFF409BQS/,/files/ENCFF047JVW/,/files/ENCFF125ULL/,/files/ENCFF582ZAS/,/files/ENCFF048OJX/,/files/ENCFF388SBU/,/files/ENCFF310LNQ/,/files/ENCFF196LGM/,/files/ENCFF519MEJ/,/files/ENCFF749OEM/			1	3,5,4,1,2																/replicates/a57c993b-1d34-4979-bfd7-a95469024a36/,/replicates/4fe491ad-0d8f-4887-bd61-8036c95829d9/,/replicates/00f0d7ad-50e2-4570-8bcf-3cc98311534d/,/replicates/403c97db-374e-48ae-99ee-3cb09434420f/,/replicates/79105ee9-8ce9-4273-99b3-d91de02bbd16/				
/experiments/ENCSR525PNM/	ENCSR525PNM	RNA Bind-n-Seq	RNA Bind-n-Seq	cell-free sample	/targets/RBM23-human/	RBM23	RBM23		cell-free sample		RNA Bind-n-Seq (RBNS) pulldown experiment against RBM23	Chris Burge, MIT	ENCODE	released	/files/ENCFF601SFI/,/files/ENCFF776JOW/,/files/ENCFF237EFE/,/files/ENCFF214NXF/,/files/ENCFF333ITA/,/files/ENCFF249THA/,/files/ENCFF462XAL/,/files/ENCFF085UBL/,/files/ENCFF790RKD/,/files/ENCFF529RME/,/files/ENCFF810PLU/			1	1,3,4,2,5																/replicates/07f73646-dd3b-47db-a359-33c68c0ccbba/,/replicates/38ec3975-455d-459d-80c7-fb6274a4d21c/,/replicates/214e252d-15ff-4f62-9fc9-0384f45d644f/,/replicates/b7a79aa1-fd64-4d92-949f-4940ea1bc5cd/,/replicates/7b6c8264-cdc6-42e9-bc87-e71218fea3e0/				
/experiments/ENCSR827QYL/	ENCSR827QYL	RNA Bind-n-Seq	RNA Bind-n-Seq	cell-free sample	/targets/TAF15-human/	TAF15	TAF15		cell-free sample		RNA Bind-n-Seq (RBNS) pulldown experiment against TAF15	Chris Burge, MIT	ENCODE	released	/files/ENCFF662TOD/,/files/ENCFF206DZS/,/files/ENCFF304HMY/,/files/ENCFF032XJW/,/files/ENCFF632XWC/,/files/ENCFF686CWM/,/files/ENCFF302LUJ/,/files/ENCFF796QEY/,/files/ENCFF737RQL/,/files/ENCFF194JNW/,/files/ENCFF429MTP/,/files/ENCFF093XSA/,/files/ENCFF937RMQ/			1	4,2,3,1,5																/replicates/1ab0e963-7fdf-49fb-a822-609272f9e8b3/,/replicates/3f59c803-7178-49a4-88b8-504ba62b8113/,/replicates/1115a446-f66a-412b-8de7-d2bb4874d020/,/replicates/1068ffd8-f672-4e21-87dd-ea9a34fa8635/,/replicates/8cb6c3b8-1c9c-46b5-813f-390b674ced64/				
/experiments/ENCSR637HFY/	ENCSR637HFY	RNA Bind-n-Seq	RNA Bind-n-Seq	cell-free sample	/targets/RBM41-human/	RBM41	RBM41		cell-free sample		RNA Bind-n-Seq (RBNS) pulldown experiment against RBM41	Chris Burge, MIT	ENCODE	released	/files/ENCFF550YXW/,/files/ENCFF143JJC/,/files/ENCFF658PGT/,/files/ENCFF644BBX/,/files/ENCFF590PBM/,/files/ENCFF139WJC/,/files/ENCFF446PHG/,/files/ENCFF808IXT/,/files/ENCFF239QYS/,/files/ENCFF851WUY/,/files/ENCFF388UFE/,/files/ENCFF179YRS/,/files/ENCFF051YRS/			1	2,5,4,3,1																/replicates/61cf2342-ca5f-4751-b04c-d07d5aebd6b9/,/replicates/08b68ebb-1efd-436b-8378-d67d8741a799/,/replicates/9e113522-9ee8-458d-a889-9b9c99148d2b/,/replicates/91134d1f-5536-45ec-aa2f-e80e72bfbf16/,/replicates/d97bfa30-885c-437f-991e-fd2205e310d6/				
/experiments/ENCSR110GHL/	ENCSR110GHL	RNA Bind-n-Seq	RNA Bind-n-Seq	cell-free sample	/targets/AKAP8L-human/	AKAP8L	AKAP8L		cell-free sample		RNA Bind-n-Seq (RBNS) pulldown experiment against AKAP8L	Chris Burge, MIT	ENCODE	released	/files/ENCFF034RJL/,/files/ENCFF211BFR/,/files/ENCFF048KBT/,/files/ENCFF037VRZ/,/files/ENCFF291ILD/,/files/ENCFF771KFR/,/files/ENCFF264SDW/,/files/ENCFF272RPE/,/files/ENCFF154BUE/,/files/ENCFF647DAZ/			1	3,2,1																/replicates/b85d15db-6b0f-48ab-acbd-045af19479c7/,/replicates/6fb0b55c-7813-497e-9a81-87eed34b6ad5/,/replicates/a9347b7b-e62e-4202-82b5-69c7f1067438/				
/experiments/ENCSR558RBK/	ENCSR558RBK	RNA Bind-n-Seq	RNA Bind-n-Seq	cell-free sample	/targets/SAFB2-human/	SAFB2	SAFB2		cell-free sample		RNA Bind-n-Seq (RBNS) pulldown experiment against SAFB2	Chris Burge, MIT	ENCODE	released	/files/ENCFF316BWJ/,/files/ENCFF632PPX/,/files/ENCFF863XPB/,/files/ENCFF747KCB/,/files/ENCFF913VDL/,/files/ENCFF866ZOH/,/files/ENCFF458NWK/,/files/ENCFF671UIN/			1	3,2,1																/replicates/270dbab4-9881-4eff-bbf6-a509c3db50cc/,/replicates/1d91ead2-9e99-4443-b39d-9fd7032e3725/,/replicates/4e87736b-2830-4695-a665-0da274af3da9/				
/experiments/ENCSR472KKU/	ENCSR472KKU	RNA Bind-n-Seq	RNA Bind-n-Seq	cell-free sample	/targets/APOBEC3C-human/	APOBEC3C	APOBEC3C		cell-free sample		RNA Bind-n-Seq (RBNS) pulldown experiment against APOBEC3C	Chris Burge, MIT	ENCODE	released	/files/ENCFF336ZLG/,/files/ENCFF596THB/,/files/ENCFF288DDJ/,/files/ENCFF065BGK/,/files/ENCFF628ZQW/,/files/ENCFF283LHM/,/files/ENCFF991VQM/,/files/ENCFF056BZQ/,/files/ENCFF074EJA/			1	1,3,2																/replicates/e09605d3-534f-45b4-b841-5d447ebaf3c0/,/replicates/999ced64-fe59-4e4c-8ff9-d3e60948db7c/,/replicates/d3d275cf-4cc6-4fdd-8d65-2df42f81c8a5/				
/experiments/ENCSR655NWZ/	ENCSR655NWZ	RNA Bind-n-Seq	RNA Bind-n-Seq	cell-free sample	/targets/RBM15B-human/	RBM15B	RBM15B		cell-free sample		RNA Bind-n-Seq (RBNS) pulldown experiment against RBM15B	Chris Burge, MIT	ENCODE	released	/files/ENCFF772AJT/,/files/ENCFF037HIV/,/files/ENCFF461ZWO/,/files/ENCFF234HVI/,/files/ENCFF160QZD/,/files/ENCFF635SCW/,/files/ENCFF915OWQ/,/files/ENCFF103BRR/,/files/ENCFF820ODU/,/files/ENCFF249WKL/,/files/ENCFF568JRD/,/files/ENCFF338IXJ/,/files/ENCFF117RDG/,/files/ENCFF185NKV/,/files/ENCFF794MIP/			1	4,3,1,2,5																/replicates/42a0eeb2-122c-46b0-921d-269b5fe142de/,/replicates/880df106-55fc-464e-a79b-31f81622ddb3/,/replicates/abf7ce59-f25d-4680-8bf6-f59a0ea7db39/,/replicates/fed3d4bf-d169-4a81-bacc-bfc4b3a873fa/,/replicates/21cc04d6-7756-4535-877c-51474ee0fbc8/				
/experiments/ENCSR055HDN/	ENCSR055HDN	RNA Bind-n-Seq	RNA Bind-n-Seq	cell-free sample	/targets/HNRNPDL-human/	HNRNPDL	HNRNPDL		cell-free sample		RNA Bind-n-Seq (RBNS) pulldown experiment against HNRNPDL	Chris Burge, MIT	ENCODE	released	/files/ENCFF694BLE/,/files/ENCFF566PVD/,/files/ENCFF032BNE/,/files/ENCFF495RWY/,/files/ENCFF613XWY/,/files/ENCFF074YRT/,/files/ENCFF683ZMK/,/files/ENCFF223UQZ/,/files/ENCFF554UMM/,/files/ENCFF194JIU/,/files/ENCFF615HRC/,/files/ENCFF973JIY/,/files/ENCFF603UTU/			1	1,2,5,4,3																/replicates/33cb5de1-65ab-43b7-9820-cf46fb0a9ce6/,/replicates/a92a1bf3-cfb2-4468-8773-607fd9960134/,/replicates/7ccb3143-edcf-4954-b332-d1f58ac9501e/,/replicates/9bf61f76-1c64-429d-a1f6-c750b6ab92d8/,/replicates/e04e1e80-a85e-401f-a646-0991d1e77e03/				
/experiments/ENCSR191PTZ/	ENCSR191PTZ	RNA Bind-n-Seq	RNA Bind-n-Seq	cell-free sample	/targets/PRR3-human/	PRR3	PRR3		cell-free sample		RNA Bind-n-Seq (RBNS) pulldown experiment against PRR3	Chris Burge, MIT	ENCODE	released	/files/ENCFF859IFZ/,/files/ENCFF897OZY/,/files/ENCFF002RAY/,/files/ENCFF584IYE/,/files/ENCFF305FZN/,/files/ENCFF492NKP/,/files/ENCFF373IHG/,/files/ENCFF984XGE/,/files/ENCFF016DMQ/,/files/ENCFF188LWK/,/files/ENCFF281FSW/,/files/ENCFF466EQG/,/files/ENCFF744ZDN/,/files/ENCFF245OMP/,/files/ENCFF688ATJ/,/files/ENCFF672EUE/			1	3,1,2,4,5																/replicates/0c99cf77-6258-4353-9fb4-4edb95f0ae68/,/replicates/8ebb0c2b-0466-401e-ad39-866d8d896c94/,/replicates/9569ecce-020a-4ff2-a487-4125c735e517/,/replicates/ca099771-df76-438d-87c1-1b4aba5571fe/,/replicates/99740c0b-4420-41dc-adf9-2f1dba9e7d90/				
/experiments/ENCSR769AEI/	ENCSR769AEI	RNA Bind-n-Seq	RNA Bind-n-Seq	cell-free sample	/targets/PCBP4-human/	PCBP4	PCBP4		cell-free sample		RNA Bind-n-Seq (RBNS) pulldown experiment against PCBP4	Chris Burge, MIT	ENCODE	released	/files/ENCFF922HKT/,/files/ENCFF065MZA/,/files/ENCFF814SIC/,/files/ENCFF871CCW/,/files/ENCFF024KDW/,/files/ENCFF239XFN/,/files/ENCFF844KLM/,/files/ENCFF005EAZ/,/files/ENCFF549QKX/,/files/ENCFF780YHK/,/files/ENCFF661CYO/,/files/ENCFF536CUG/,/files/ENCFF305FFO/			1	3,4,1,2,5																/replicates/f1e89678-ca92-4999-b947-1f409de0f121/,/replicates/97775b56-54bd-41a4-886f-8217a8572cb4/,/replicates/50003822-7709-4bb3-b325-5f50ced14ac7/,/replicates/6411d0d5-cab6-4413-b82d-1c6e852ee9fc/,/replicates/6c01fe2f-44d9-4f23-a064-58017f527d57/				
/experiments/ENCSR497LIF/	ENCSR497LIF	RNA Bind-n-Seq	RNA Bind-n-Seq	cell-free sample	/targets/BOLL-human/	BOLL	BOLL		cell-free sample		RNA Bind-n-Seq (RBNS) pulldown experiment against BOLL	Chris Burge, MIT	ENCODE	released	/files/ENCFF025KXN/,/files/ENCFF471GJF/,/files/ENCFF954BBZ/,/files/ENCFF717ZBX/,/files/ENCFF305QDN/,/files/ENCFF939KQG/,/files/ENCFF523UNS/,/files/ENCFF697NMB/,/files/ENCFF835OYI/,/files/ENCFF641YYU/,/files/ENCFF980KRL/,/files/ENCFF532IGX/,/files/ENCFF307TCN/			1	2,5,3,1,4																/replicates/d2ed5f60-6440-45c7-aa7c-e5ed3516c598/,/replicates/6c2e4a8c-e868-4e27-b4db-295c6d853295/,/replicates/60058a58-9d6a-4683-893b-2d3c6c524ec7/,/replicates/104f6905-bd83-4794-9403-1a9ac791afd5/,/replicates/9d96caa7-30a3-4fca-bdc0-89e73928481c/				
/experiments/ENCSR834CED/	ENCSR834CED	RNA Bind-n-Seq	RNA Bind-n-Seq	cell-free sample	/targets/NOVA1-human/	NOVA1	NOVA1		cell-free sample		RNA Bind-n-Seq (RBNS) pulldown experiment against NOVA1	Chris Burge, MIT	ENCODE	released	/files/ENCFF892LGW/,/files/ENCFF773ACP/,/files/ENCFF956XSQ/,/files/ENCFF666KVW/,/files/ENCFF557ODA/,/files/ENCFF510DKF/,/files/ENCFF850IFW/,/files/ENCFF657EGF/,/files/ENCFF208MMN/,/files/ENCFF953ZVY/,/files/ENCFF666GNP/,/files/ENCFF591ONJ/,/files/ENCFF998MJP/			1	2,4,5,1,3																/replicates/f756fa18-62de-44f5-bd45-6fa492de4caa/,/replicates/3cb2b929-8b1a-4d10-bea1-51cedc9fa579/,/replicates/618e5401-07fe-47a1-998b-78b552c1015a/,/replicates/2bc8f2e5-5987-471d-b93c-4e2133e4c81e/,/replicates/aa04f0f3-7940-42eb-b136-573f329d3162/				
/experiments/ENCSR626INQ/	ENCSR626INQ	RNA Bind-n-Seq	RNA Bind-n-Seq	cell-free sample	/targets/RBM45-human/	RBM45	RBM45		cell-free sample		RNA Bind-n-Seq (RBNS) pulldown experiment against RBM45	Chris Burge, MIT	ENCODE	released	/files/ENCFF275UGA/,/files/ENCFF575BTH/,/files/ENCFF660MFW/,/files/ENCFF303TMB/,/files/ENCFF902WXY/,/files/ENCFF294KSP/,/files/ENCFF466QPM/,/files/ENCFF453IBG/,/files/ENCFF311UQL/,/files/ENCFF143OQS/,/files/ENCFF631VOL/,/files/ENCFF084XGB/,/files/ENCFF782DRP/			1	5,4,3,2,1																/replicates/efb7bfb7-ca18-466e-a918-c91371e29a1c/,/replicates/a77de4f2-0b79-497c-a89b-be1e586b9d26/,/replicates/2d7d305f-f773-4f49-8773-67bb5c52c2b3/,/replicates/b4744452-5e03-4a6e-8cae-407e1092fc9a/,/replicates/b05b5aca-43d6-4729-b814-b15ffc6e9888/				
/experiments/ENCSR419XDN/	ENCSR419XDN	RNA Bind-n-Seq	RNA Bind-n-Seq	cell-free sample	/targets/TRNAU1AP-human/	TRNAU1AP	TRNAU1AP		cell-free sample		RNA Bind-n-Seq (RBNS) pulldown experiment against SECP43	Chris Burge, MIT	ENCODE	released	/files/ENCFF369WZD/,/files/ENCFF228IGY/,/files/ENCFF330UOX/,/files/ENCFF339GLP/,/files/ENCFF823RGZ/,/files/ENCFF174NLG/,/files/ENCFF232FXD/,/files/ENCFF858OFZ/,/files/ENCFF850VYB/,/files/ENCFF315DBD/,/files/ENCFF361MIR/,/files/ENCFF077FYY/,/files/ENCFF848YLS/			1	2,5,4,3,1																/replicates/8d5d8fdd-c1bc-4fff-b260-6750327c15d6/,/replicates/7817e886-5619-4e53-98b6-715203db20f9/,/replicates/c1111430-2eb1-4894-bd06-7367d038e765/,/replicates/1fca4b23-5691-4b66-a779-51ccafa6bdb1/,/replicates/170edd51-7409-4c61-8289-72e3809508c5/				
/experiments/ENCSR742AEU/	ENCSR742AEU	RNA Bind-n-Seq	RNA Bind-n-Seq	cell-free sample	/targets/RBM24-human/	RBM24	RBM24		cell-free sample		RNA Bind-n-Seq (RBNS) pulldown experiment against RBM24	Chris Burge, MIT	ENCODE	released	/files/ENCFF355UIV/,/files/ENCFF211URD/,/files/ENCFF948RIV/,/files/ENCFF583TUC/,/files/ENCFF698TXB/,/files/ENCFF168GEY/,/files/ENCFF132AEB/,/files/ENCFF262TWQ/,/files/ENCFF522SCZ/,/files/ENCFF615IDC/,/files/ENCFF145YVB/,/files/ENCFF188LGM/,/files/ENCFF044NVM/			1	1,5,3,4,2																/replicates/cd35047d-9d6e-4870-8dda-b931cc634d6f/,/replicates/b7dbd35d-ea6c-4092-8ab1-013f9db047c7/,/replicates/37126d57-502b-4cf8-baae-926bf962c571/,/replicates/009b4dc3-909e-4eba-a147-8b3a84d5030f/,/replicates/2c28908c-a2a9-4e6a-9a24-012bd89fc887/				
/experiments/ENCSR492CFG/	ENCSR492CFG	RNA Bind-n-Seq	RNA Bind-n-Seq	cell-free sample	/targets/RBMS2-human/	RBMS2	RBMS2		cell-free sample		RNA Bind-n-Seq (RBNS) pulldown experiment against RBMS2	Chris Burge, MIT	ENCODE	released	/files/ENCFF324ZYT/,/files/ENCFF231KTD/,/files/ENCFF820PEE/,/files/ENCFF273JFY/,/files/ENCFF452FCJ/,/files/ENCFF198OFN/,/files/ENCFF729OVU/,/files/ENCFF833TOX/,/files/ENCFF514HLE/,/files/ENCFF026BON/,/files/ENCFF068ROJ/,/files/ENCFF965KGQ/,/files/ENCFF121XIB/			1	2,5,4,1,3																/replicates/585d2595-951c-4f72-ba64-2976bc3d4078/,/replicates/2f609217-4ef3-4f04-b509-e0f51ced3695/,/replicates/5123c7d9-e9c7-486e-baef-3e67a0996a20/,/replicates/c58a71ab-afae-4fe6-be92-53c8a7d478d3/,/replicates/9a8535a0-aaf8-47dd-a007-747332837009/				
/experiments/ENCSR170PBM/	ENCSR170PBM	RNA Bind-n-Seq	RNA Bind-n-Seq	cell-free sample	/targets/HNRNPA0-human/	HNRNPA0	HNRNPA0		cell-free sample		RNA Bind-n-Seq (RBNS) pulldown experiment against HNRNPA0	Chris Burge, MIT	ENCODE	released	/files/ENCFF114JMF/,/files/ENCFF836VGG/,/files/ENCFF210HCF/,/files/ENCFF373FBO/,/files/ENCFF156FZK/,/files/ENCFF872NAF/,/files/ENCFF626WPP/,/files/ENCFF541BLM/,/files/ENCFF992KEZ/,/files/ENCFF372WVS/,/files/ENCFF314LDN/,/files/ENCFF243RRA/,/files/ENCFF975HUX/			1	2,3,5,1,4																/replicates/a855de17-b673-4fed-9977-757d1fb14757/,/replicates/769f0bd4-47e9-4458-8df5-262278702016/,/replicates/02bd4832-005c-42e8-ad6d-92d8579e4289/,/replicates/0abfcb29-166f-4736-a5f5-caec15c72c92/,/replicates/e91f306e-e72d-4c62-9ff7-d12fa268ab2b/				
/experiments/ENCSR205HMN/	ENCSR205HMN	RNA Bind-n-Seq	RNA Bind-n-Seq	cell-free sample	/targets/ZCRB1-human/	ZCRB1	ZCRB1		cell-free sample		RNA Bind-n-Seq (RBNS) pulldown experiment against ZCRB1	Chris Burge, MIT	ENCODE	released	/files/ENCFF526DSN/,/files/ENCFF449IAQ/,/files/ENCFF678GKT/,/files/ENCFF758ORV/,/files/ENCFF862JMB/,/files/ENCFF577HCJ/,/files/ENCFF920HNU/,/files/ENCFF113HZK/,/files/ENCFF241MOO/,/files/ENCFF121DTB/,/files/ENCFF381OHL/,/files/ENCFF231GAA/,/files/ENCFF512GKK/			1	2,5,4,1,3																/replicates/8f066d91-a272-4c66-a1dc-f5f99ee5b20f/,/replicates/775b4e29-30b8-499f-85bb-4ad92a55673c/,/replicates/fe8fc112-3060-4652-ae2e-78541bbd7257/,/replicates/4f6946a7-80ea-4448-8e40-c1066cb5ac68/,/replicates/0c4304fe-e1fd-4a10-8769-dfdaa070e6de/				
/experiments/ENCSR915CDT/	ENCSR915CDT	RNA Bind-n-Seq	RNA Bind-n-Seq	cell-free sample	/targets/HNRNPCL1-human/	HNRNPCL1	HNRNPCL1		cell-free sample		RNA Bind-n-Seq (RBNS) pulldown experiment against HNRNPCL1	Chris Burge, MIT	ENCODE	released	/files/ENCFF749DDH/,/files/ENCFF576WAA/,/files/ENCFF171EIR/,/files/ENCFF316GAF/,/files/ENCFF150PUV/,/files/ENCFF729PSS/,/files/ENCFF869NLN/,/files/ENCFF963SCO/,/files/ENCFF442IBY/,/files/ENCFF015VSF/,/files/ENCFF072KMO/,/files/ENCFF820QTJ/,/files/ENCFF732SOC/,/files/ENCFF063VPS/			1	2,1,3,4,5																/replicates/d2a28274-2e13-4e7c-b817-5c72b3cfb3b7/,/replicates/0821b7ac-e457-4065-b99d-f5cbe25f4240/,/replicates/697d5396-8183-40f2-afc1-49348253290f/,/replicates/aa95833d-4ffc-4c46-9cc7-19e7507ef7dc/,/replicates/f6d53d57-642d-4265-9a0e-1166f38ec6c2/				
/experiments/ENCSR449VKY/	ENCSR449VKY	RNA Bind-n-Seq	RNA Bind-n-Seq	cell-free sample	/targets/DAZ3-human/	DAZ3	DAZ3		cell-free sample		RNA Bind-n-Seq (RBNS) pulldown experiment against DAZ3	Chris Burge, MIT	ENCODE	released	/files/ENCFF921PCX/,/files/ENCFF463SEP/,/files/ENCFF633VVB/,/files/ENCFF182ZXE/,/files/ENCFF756JHY/,/files/ENCFF690SCB/,/files/ENCFF783PQH/,/files/ENCFF363SSD/,/files/ENCFF610RRA/,/files/ENCFF167KBI/,/files/ENCFF576NTR/,/files/ENCFF662VJZ/,/files/ENCFF881QIB/,/files/ENCFF620GLE/,/files/ENCFF853YFD/,/files/ENCFF803JOU/			1	2,4,5,1,3																/replicates/4dc5b74b-4403-4be9-9740-c305e89230be/,/replicates/fcd8d98c-accb-4d94-a889-cb3ebdf51707/,/replicates/c3e50fec-1778-4c6d-9f30-925ed2fa7d15/,/replicates/ae8eaa02-161d-4e9a-93fd-9d600c68783f/,/replicates/18dfc237-c6e0-459c-a308-ee72ae03b210/				
/experiments/ENCSR951YCV/	ENCSR951YCV	RNA Bind-n-Seq	RNA Bind-n-Seq	cell-free sample	/targets/SFPQ-human/	SFPQ	SFPQ		cell-free sample		RNA Bind-n-Seq (RBNS) pulldown experiment against SFPQ	Chris Burge, MIT	ENCODE	released	/files/ENCFF642XCH/,/files/ENCFF092VIT/,/files/ENCFF597YAL/,/files/ENCFF852PPY/,/files/ENCFF980WQW/,/files/ENCFF702OTR/,/files/ENCFF187CTW/,/files/ENCFF234GJL/,/files/ENCFF890ORL/,/files/ENCFF859JYQ/,/files/ENCFF360OVB/,/files/ENCFF494LLV/,/files/ENCFF020VFS/,/files/ENCFF728KCD/			1	3,1,4,5,2																/replicates/035b1b17-1f52-4e3b-992d-9e666809c405/,/replicates/ca2d2868-f5a3-44e3-ad57-531090b79ade/,/replicates/de4e49cd-fdc0-4a5e-9d9e-2a7b69766940/,/replicates/38228641-7f0a-42f8-aa39-e7b2c32658cb/,/replicates/01caeed6-5cb3-4ae7-9557-85b4755ffd99/				
/experiments/ENCSR466JPT/	ENCSR466JPT	RNA Bind-n-Seq	RNA Bind-n-Seq	cell-free sample	/targets/TARDBP-human/	TARDBP	TARDBP		cell-free sample		RNA Bind-n-Seq (RBNS) pulldown experiment against TARDBP	Chris Burge, MIT	ENCODE	released	/files/ENCFF023PUC/,/files/ENCFF147IXH/,/files/ENCFF484TAR/,/files/ENCFF864BPI/,/files/ENCFF552GCD/,/files/ENCFF044GED/,/files/ENCFF979SDN/,/files/ENCFF652LRF/,/files/ENCFF769CCM/,/files/ENCFF422VRS/,/files/ENCFF022PDN/,/files/ENCFF059ZUY/,/files/ENCFF363GNB/,/files/ENCFF878HMC/			1	1,2,5,3,4																/replicates/1cd81354-2e2c-4b1d-b968-d071133c1fbf/,/replicates/41dfcdb8-f8be-4679-aa15-93f3d08c703e/,/replicates/9c396fda-62de-4671-979b-4600d457d930/,/replicates/6bd6a5ac-8c1a-4558-a04b-d2c032dc1f8c/,/replicates/94e8ff57-ce64-41b6-9acb-92f30ae1fcf8/				
/experiments/ENCSR497VCL/	ENCSR497VCL	RNA Bind-n-Seq	RNA Bind-n-Seq	cell-free sample	/targets/UNK-human/	UNK	UNK		cell-free sample		RNA Bind-n-Seq (RBNS) pulldown experiment against UNK	Chris Burge, MIT	ENCODE	released	/files/ENCFF874MPY/,/files/ENCFF256CNE/,/files/ENCFF474ABY/,/files/ENCFF035LLB/,/files/ENCFF084FZV/,/files/ENCFF353YNE/,/files/ENCFF325YQY/,/files/ENCFF711ESU/,/files/ENCFF363RNZ/,/files/ENCFF475EIU/,/files/ENCFF190SRP/,/files/ENCFF380WOJ/,/files/ENCFF039XDI/			1	4,2,1,3,5																/replicates/460b8605-2619-4377-9685-c2799ccec7ef/,/replicates/5bfc30fb-9c00-4a0f-bd95-8ccfa1c22725/,/replicates/b5bfe95b-c2e7-4363-ab9b-053f3bf90d8e/,/replicates/e5d037a1-98a3-4ef6-acd2-617ce743b8b0/,/replicates/aa5cd593-6c29-4b42-aa88-66ff8affe1a0/				
/experiments/ENCSR583NVI/	ENCSR583NVI	RNA Bind-n-Seq	RNA Bind-n-Seq	cell-free sample	/targets/KHDRBS3-human/	KHDRBS3	KHDRBS3		cell-free sample		RNA Bind-n-Seq (RBNS) pulldown experiment against KHDRBS3	Chris Burge, MIT	ENCODE	released	/files/ENCFF118MEC/,/files/ENCFF793XRU/,/files/ENCFF612DYP/,/files/ENCFF993IHW/,/files/ENCFF378CHX/,/files/ENCFF324JGS/,/files/ENCFF668MVP/,/files/ENCFF130WFJ/,/files/ENCFF709CRG/,/files/ENCFF223NMR/,/files/ENCFF905COP/,/files/ENCFF667QWI/			1	3,1,4,5																/replicates/a07c3e35-16fc-490e-b25b-e0bf19f2f4be/,/replicates/df7ab14f-5886-4bb0-86fb-68b5654c705b/,/replicates/91cb3284-11c7-4b99-980c-54d56a536b73/,/replicates/03005531-a2fe-460e-98ea-99390019ad19/				
/experiments/ENCSR229VBP/	ENCSR229VBP	RNA Bind-n-Seq	RNA Bind-n-Seq	cell-free sample	/targets/RALYL-human/	RALYL	RALYL		cell-free sample		RNA Bind-n-Seq (RBNS) pulldown experiment against RALYL	Chris Burge, MIT	ENCODE	released	/files/ENCFF345AMU/,/files/ENCFF432AZE/,/files/ENCFF464RSK/,/files/ENCFF532TOJ/,/files/ENCFF927RWU/,/files/ENCFF270JEN/,/files/ENCFF449PEQ/,/files/ENCFF378TGV/,/files/ENCFF338FGB/,/files/ENCFF889PPG/,/files/ENCFF398QRT/,/files/ENCFF524JIG/			1	4,3,1,2																/replicates/323e3c69-e083-442e-9185-4461ce7ae998/,/replicates/953c40ea-dc8d-4cd1-92af-e99f2c56e468/,/replicates/955b92d0-cbd5-42e1-a016-9fbf73437239/,/replicates/c3a524b5-62ba-4663-bf72-d81ea7f4b591/				
/experiments/ENCSR164XGH/	ENCSR164XGH	RNA Bind-n-Seq	RNA Bind-n-Seq	cell-free sample	/targets/IGF2BP3-human/	IGF2BP3	IGF2BP3		cell-free sample		RNA Bind-n-Seq (RBNS) pulldown experiment against IGF2BP3	Chris Burge, MIT	ENCODE	released	/files/ENCFF560UQP/,/files/ENCFF066XQG/,/files/ENCFF935OTT/,/files/ENCFF429BTX/,/files/ENCFF044AFX/,/files/ENCFF365IVW/,/files/ENCFF241KWN/,/files/ENCFF663TKD/,/files/ENCFF449FBS/,/files/ENCFF122TZZ/,/files/ENCFF272TNA/,/files/ENCFF539YEC/,/files/ENCFF411PVM/,/files/ENCFF404ZYD/,/files/ENCFF370SOC/,/files/ENCFF449XDM/			1	1,3,2																/replicates/7ef4452d-b245-4cfe-85c3-49f0d34e1af1/,/replicates/fb60f070-5331-4e76-9f1c-f4bc082e7bb0/,/replicates/72f577d6-7d4f-4664-a3fa-cced7333c1e6/				
/experiments/ENCSR474NYR/	ENCSR474NYR	RNA Bind-n-Seq	RNA Bind-n-Seq	cell-free sample	/targets/SUCLG1-human/	SUCLG1	SUCLG1		cell-free sample		RNA Bind-n-Seq (RBNS) pulldown experiment against SUCLG1	Chris Burge, MIT	ENCODE	released	/files/ENCFF746FBG/,/files/ENCFF764GUH/,/files/ENCFF516HHS/,/files/ENCFF131HMZ/,/files/ENCFF532AGU/,/files/ENCFF779EOH/,/files/ENCFF071ZPB/,/files/ENCFF862KWY/,/files/ENCFF882SPJ/,/files/ENCFF250NYG/			1	2,1,3																/replicates/ee3f0cfd-ee79-4fe8-ad9c-1fa904c0e9bd/,/replicates/7144d057-4514-4315-a2ed-29092fd2c1a5/,/replicates/5e794655-b55f-44f5-9bc5-33953a40a0c3/				
/experiments/ENCSR905BJK/	ENCSR905BJK	RNA Bind-n-Seq	RNA Bind-n-Seq	cell-free sample	/targets/RBM4B-human/	RBM4B	RBM4B		cell-free sample		RNA Bind-n-Seq (RBNS) pulldown experiment against RBM4B	Chris Burge, MIT	ENCODE	released	/files/ENCFF642LIU/,/files/ENCFF414MZG/,/files/ENCFF933GYK/,/files/ENCFF030UYE/,/files/ENCFF170CFD/,/files/ENCFF852LOZ/,/files/ENCFF999HWQ/,/files/ENCFF324AVV/,/files/ENCFF723LYO/,/files/ENCFF604EQA/,/files/ENCFF471UTH/,/files/ENCFF009TPD/			1	3,1,4,5																/replicates/552cbf94-eb97-41e0-9c7f-4a8571ea5e2a/,/replicates/0a654cc7-488b-4bdd-ae23-de1759f520a4/,/replicates/268a3d24-f93f-4904-8c63-36d68cbfe084/,/replicates/efe76d9c-fe65-4571-a4a5-c6e047979b37/				
/experiments/ENCSR189MAB/	ENCSR189MAB	RNA Bind-n-Seq	RNA Bind-n-Seq	cell-free sample	/targets/XRCC6-human/	XRCC6	XRCC6		cell-free sample		RNA Bind-n-Seq (RBNS) pulldown experiment against XRCC6	Chris Burge, MIT	ENCODE	released	/files/ENCFF885DNO/,/files/ENCFF932TTA/,/files/ENCFF223OKF/,/files/ENCFF681UBK/,/files/ENCFF825PGJ/,/files/ENCFF584TIL/,/files/ENCFF715YCE/,/files/ENCFF260DKM/,/files/ENCFF071SHP/,/files/ENCFF782LNG/,/files/ENCFF216DXM/,/files/ENCFF476FRC/			1	2,1,3																/replicates/0d35d326-257d-4973-bda6-46e122872836/,/replicates/58f4fcee-ff19-4fde-913b-49350ded317f/,/replicates/3489e011-dc91-49e9-a651-cc9434a58ac0/				
/experiments/ENCSR927QJQ/	ENCSR927QJQ	RNA Bind-n-Seq	RNA Bind-n-Seq	cell-free sample	/targets/ZRANB2-human/	ZRANB2	ZRANB2		cell-free sample		RNA Bind-n-Seq (RBNS) pulldown experiment against ZRANB2	Chris Burge, MIT	ENCODE	released	/files/ENCFF488DBR/,/files/ENCFF090FQJ/,/files/ENCFF158XJZ/,/files/ENCFF985YKH/,/files/ENCFF810PMV/,/files/ENCFF346EHH/,/files/ENCFF266UEH/,/files/ENCFF611VZL/,/files/ENCFF300YSL/			1	3,2,1																/replicates/7be44589-7e0c-414d-8e6d-439e719cf5e2/,/replicates/d2c08c95-d3c8-4a84-891d-e37f62b7f614/,/replicates/d7a4ec04-73a2-4dca-bb97-dba616311836/				
/experiments/ENCSR167ZZB/	ENCSR167ZZB	RNA Bind-n-Seq	RNA Bind-n-Seq	cell-free sample	/targets/SNRPA-human/	SNRPA	SNRPA		cell-free sample		RNA Bind-n-Seq (RBNS) pulldown experiment against SNRPA	Chris Burge, MIT	ENCODE	released	/files/ENCFF169FUR/,/files/ENCFF818QHZ/,/files/ENCFF279HZP/,/files/ENCFF729AXE/,/files/ENCFF658HXU/,/files/ENCFF890AXZ/,/files/ENCFF349ZGB/,/files/ENCFF982SDF/,/files/ENCFF958UPV/,/files/ENCFF625QSH/,/files/ENCFF262FUP/,/files/ENCFF090VNK/,/files/ENCFF227ZZK/			1	3,4,1,2,5																/replicates/6c2d30c7-5d27-4f35-b4f3-9488c34fc90e/,/replicates/4893c27b-bfc2-46a5-ae59-ef8ce09182ca/,/replicates/fdbc425f-d2b7-4dfe-b2b8-d085ffd36ef4/,/replicates/2656894a-9eb2-4e24-b659-a6e0ece54472/,/replicates/d593a091-f26b-4a8e-aefb-a5cbb18d177b/				
/experiments/ENCSR102MQN/	ENCSR102MQN	RNA Bind-n-Seq	RNA Bind-n-Seq	cell-free sample	/targets/NUPL2-human/	NUPL2	NUPL2		cell-free sample		RNA Bind-n-Seq (RBNS) pulldown experiment against NUPL2	Chris Burge, MIT	ENCODE	released	/files/ENCFF967YLZ/,/files/ENCFF558MQD/,/files/ENCFF143HKO/,/files/ENCFF718QMF/,/files/ENCFF452SPV/,/files/ENCFF787TMW/,/files/ENCFF174KHL/,/files/ENCFF679OPD/,/files/ENCFF617KGP/,/files/ENCFF497QML/,/files/ENCFF303FLJ/,/files/ENCFF157IWY/,/files/ENCFF413EHO/,/files/ENCFF798MYY/,/files/ENCFF539CUI/			1	1,5,2,3,4																/replicates/6c3bd049-7c2f-4a31-8a1f-6d5b209fbe05/,/replicates/256f200d-983d-4a24-b841-2bf8acadc99e/,/replicates/0101be85-62ea-4743-b2be-b899ffef0f45/,/replicates/632d89ea-696c-47e0-a01e-46a2eed282c8/,/replicates/301e23ae-bda1-405f-ae89-a4ac862c798b/				
/experiments/ENCSR606JGJ/	ENCSR606JGJ	RNA Bind-n-Seq	RNA Bind-n-Seq	cell-free sample	/targets/SNRPB2-human/	SNRPB2	SNRPB2		cell-free sample		RNA Bind-n-Seq (RBNS) pulldown experiment against SNRPB2	Chris Burge, MIT	ENCODE	released	/files/ENCFF960CSP/,/files/ENCFF749DSK/,/files/ENCFF078XHY/,/files/ENCFF631DIZ/,/files/ENCFF178EPQ/,/files/ENCFF095IHG/,/files/ENCFF863VKF/,/files/ENCFF172VGZ/,/files/ENCFF673AHD/,/files/ENCFF841KQM/			1	2,1,3																/replicates/bf5ff4b0-6b0e-4b29-a89f-c20a115ec345/,/replicates/f8ea8a08-051b-46ec-9a46-88a21346ba37/,/replicates/a5514619-343c-4bcd-8494-1630ddf4e57b/				
/experiments/ENCSR224KSF/	ENCSR224KSF	RNA Bind-n-Seq	RNA Bind-n-Seq	cell-free sample	/targets/RBMS3-human/	RBMS3	RBMS3		cell-free sample		RNA Bind-n-Seq (RBNS) pulldown experiment against RBMS3	Chris Burge, MIT	ENCODE	released	/files/ENCFF815HRK/,/files/ENCFF159XZR/,/files/ENCFF270MEX/,/files/ENCFF296APU/,/files/ENCFF111GEB/,/files/ENCFF491LXQ/,/files/ENCFF615JNZ/,/files/ENCFF560ONY/,/files/ENCFF160IZO/,/files/ENCFF885YQC/,/files/ENCFF050HBK/,/files/ENCFF489KTM/			1	4,3,2,5																/replicates/58c3961f-27a2-4b35-8cea-670450cf7fa3/,/replicates/f2850f37-892e-4056-afda-766c1aef9358/,/replicates/81c9fda5-2d30-4243-933c-21cc107453cf/,/replicates/03c7cc11-aff0-486b-a22a-637483798b0f/				
/experiments/ENCSR335JQK/	ENCSR335JQK	RNA Bind-n-Seq	RNA Bind-n-Seq	cell-free sample	/targets/ZNF326-human/	ZNF326	ZNF326		cell-free sample		RNA Bind-n-Seq (RBNS) pulldown experiment against ZNF326	Chris Burge, MIT	ENCODE	released	/files/ENCFF139RKR/,/files/ENCFF425QVN/,/files/ENCFF435XHG/,/files/ENCFF743RCD/,/files/ENCFF730GYB/,/files/ENCFF398TUH/,/files/ENCFF325OGD/,/files/ENCFF083AMW/,/files/ENCFF679WSU/,/files/ENCFF900EAZ/,/files/ENCFF223SKN/,/files/ENCFF891JJG/,/files/ENCFF412ANC/,/files/ENCFF982MXY/,/files/ENCFF285RAU/			1	2,5,1,3,4																/replicates/16d895f2-f239-4283-9fae-ab88dbc8fcd8/,/replicates/edeea628-4033-4762-83d9-f8df7fe8ba3b/,/replicates/8d916d50-5cfd-461b-8900-01db367dadb3/,/replicates/25421104-95d3-4448-aeba-cbc6173efec7/,/replicates/e1faec25-2d29-4e87-80dc-2115ff8146e8/				
