peak_number,peak_id,has_pseudou,score_max,rna_sequence,rna_length,pseudou_rna_pos,base_at_site,protein_id,protein_length,job_unmodified,job_modified
1,RBM22_K562_IDR::chr15:67839955-67840005(-),True,0.3292638890140453,GGAUGACACGCAAAUUCGUG,20,16,U,RBM22_HUMAN,420,RBM22_RBM22_K562_IDR_chr15_67839955-67840005_-_unmod,RBM22_RBM22_K562_IDR_chr15_67839955-67840005_-_pseudoU
2,RBM22_K562_IDR::chr8:56917125-56917175(+),True,0.3292638890140453,GGAUGACACGCAAAUUCGUGAA,22,16,U,RBM22_HUMAN,420,RBM22_RBM22_K562_IDR_chr8_56917125-56917175_unmod,RBM22_RBM22_K562_IDR_chr8_56917125-56917175_pseudoU
3,RBM22_K562_IDR::chr3:196784996-196785046(-),True,0.3292638890140453,GGAUGACACGCAAAUUCGUG,20,16,U,RBM22_HUMAN,420,RBM22_RBM22_K562_IDR_chr3_196784996-196785046_-_unmod,RBM22_RBM22_K562_IDR_chr3_196784996-196785046_-_pseudoU
4,RBM22_K562_IDR::chr11:63970497-63970547(+),True,0.4556227853254495,AAUUGGAACGAUACAGAGAAGAUUAGC,27,12,U,RBM22_HUMAN,420,RBM22_RBM22_K562_IDR_chr11_63970497-63970547_unmod,RBM22_RBM22_K562_IDR_chr11_63970497-63970547_pseudoU
5,RBM22_K562_IDR::chr1:27325245-27325295(+),True,0.4556227853254495,AAAUUGGAACGAUACAGAG,19,4,U,RBM22_HUMAN,420,RBM22_RBM22_K562_IDR_chr1_27325245-27325295_unmod,RBM22_RBM22_K562_IDR_chr1_27325245-27325295_pseudoU
6,RBM22_K562_IDR::chr19:893507-893557(+),True,0.4556227853254495,CUAAAAUUGGAACGAUACAGAG,22,7,U,RBM22_HUMAN,420,RBM22_RBM22_K562_IDR_chr19_893507-893557_unmod,RBM22_RBM22_K562_IDR_chr19_893507-893557_pseudoU
7,RBM22_K562_IDR::chr19:893514-893564(+),True,0.4556227853254495,UGGAACGAUACAGAGAAGAUUAGC,24,9,U,RBM22_HUMAN,420,RBM22_RBM22_K562_IDR_chr19_893514-893564_unmod,RBM22_RBM22_K562_IDR_chr19_893514-893564_pseudoU
8,RBM22_K562_IDR::chr3:195214815-195214865(+),True,0.4556227853254495,AUUGGAACGAUACAGAG,17,2,U,RBM22_HUMAN,420,RBM22_RBM22_K562_IDR_chr3_195214815-195214865_unmod,RBM22_RBM22_K562_IDR_chr3_195214815-195214865_pseudoU
9,RBM22_K562_IDR::chr11:63970492-63970542(+),True,0.4556227853254495,CUAAAAUUGGAACGAUACAGAGAAGAUUAGC,31,16,U,RBM22_HUMAN,420,RBM22_RBM22_K562_IDR_chr11_63970492-63970542_unmod,RBM22_RBM22_K562_IDR_chr11_63970492-63970542_pseudoU
10,RBM22_K562_IDR::chr11:63970489-63970539(+),True,0.7481679851756615,CUAAAAUUGGAACGAUACAGAGAAGAUUAGC,31,16,U,RBM22_HUMAN,420,RBM22_RBM22_K562_IDR_chr11_63970489-63970539_unmod,RBM22_RBM22_K562_IDR_chr11_63970489-63970539_pseudoU
11,RBM22_K562_IDR::chr8:56917103-56917153(+),True,0.943580155888536,UAUACUAAAAUUGGAACGAUACAGAG,26,11,U,RBM22_HUMAN,420,RBM22_RBM22_K562_IDR_chr8_56917103-56917153_unmod,RBM22_RBM22_K562_IDR_chr8_56917103-56917153_pseudoU
12,RBM22_K562_IDR::chr19:893503-893553(+),True,0.943580155888536,UAUACUAAAAUUGGAACGAUACAGAG,26,11,U,RBM22_HUMAN,420,RBM22_RBM22_K562_IDR_chr19_893503-893553_unmod,RBM22_RBM22_K562_IDR_chr19_893503-893553_pseudoU
13,RBM22_K562_IDR::chr4:39297596-39297646(-),True,1.4753763272127225,GGAUGACACGCAAAUUCGUGAAGCGUUCCAU,31,16,U,RBM22_HUMAN,420,RBM22_RBM22_K562_IDR_chr4_39297596-39297646_-_unmod,RBM22_RBM22_K562_IDR_chr4_39297596-39297646_-_pseudoU
14,RBM22_K562_IDR::chr4:88684851-88684901(-),True,1.4753763272127225,GGAUGACACGCAAAUUCGUGAAGCGUUCCAU,31,16,U,RBM22_HUMAN,420,RBM22_RBM22_K562_IDR_chr4_88684851-88684901_-_unmod,RBM22_RBM22_K562_IDR_chr4_88684851-88684901_-_pseudoU
15,RBM22_K562_IDR::chr12:97721733-97721783(+),True,1.4753763272127225,CAUAUACUAAAAUUGGAACGAUACAGAG,28,13,U,RBM22_HUMAN,420,RBM22_RBM22_K562_IDR_chr12_97721733-97721783_unmod,RBM22_RBM22_K562_IDR_chr12_97721733-97721783_pseudoU
